2026-08-19 15:48:43,529 | INFO  | SBA  | stream_query         | ============================================================
2026-08-19 15:48:43,530 | INFO  | SBA  | stream_query         | Streaming query received | query=What is the processing fee for personal loan?
2026-08-19 15:48:43,531 | INFO  | SBA  | stream_query         | ============================================================
2026-08-19 15:48:46,518 | INFO  | SBA  | rag_node             | RAG processing started
2026-08-19 15:48:46,519 | INFO  | SBA  | hybrid_reranked_search | Hybrid reranked search started 
2026-08-19 15:48:46,521 | INFO  | SBA  | hybrid_search        | Hybrid search started 
2026-08-19 15:48:46,522 | INFO  | SBA  | vector_search        | Vector search started | top_k=20
2026-08-19 15:48:48,498 | INFO  | SBA  | vector_search        | Vector search completed | result_count=20
2026-08-19 15:48:48,498 | INFO  | SBA  | fts_search           | FTS search started | top_k=20
2026-08-19 15:48:48,723 | INFO  | SBA  | fts_search           | FTS search completed | result_count=20
2026-08-19 15:48:48,724 | INFO  | SBA  | rrf_fusion           | RRF fusion completed 
2026-08-19 15:48:48,728 | INFO  | SBA  | hybrid_search        | Hybrid search completed | vector=20 | fts=20 | rrf_results=20
2026-08-19 15:48:49,582 | INFO  | SBA  | _generate_rag_answer | RAG answer generation started
2026-08-19 15:48:52,727 | INFO  | SBA  | _generate_rag_answer | RAG answer generation completed
2026-08-19 15:48:52,727 | INFO  | SBA  | answer_rag_query     | RAG query completed
2026-08-19 15:48:52,728 | INFO  | SBA  | rag_node             | RAG processing completed 
2026-08-19 15:48:52,734 | INFO  | SBA  | merge_node           | Merge node started | route=rag
2026-08-19 15:48:52,734 | INFO  | SBA  | merge_node           | Merge completed | route=rag
2026-08-19 15:48:52,984 | INFO  | SBA  | event_generator      | Streaming route selected | route=rag
2026-08-19 15:48:52,984 | INFO  | SBA  | event_generator      | Starting RAG token streaming
2026-08-19 15:48:52,986 | INFO  | SBA  | stream_rag_answer    | Streaming RAG query started
2026-08-19 15:48:52,986 | INFO  | SBA  | stream_rag_answer    | Streaming RAG retrieval completed 
2026-08-19 15:48:55,898 | INFO  | SBA  | stream_rag_answer    | Streaming RAG query completed 
2026-08-19 15:54:02,607 | INFO  | SBA  | stream_query         | ============================================================
2026-08-19 15:54:02,608 | INFO  | SBA  | stream_query         | Streaming query received | query=What is the processing fee for personal loan?
2026-08-19 15:54:02,609 | INFO  | SBA  | stream_query         | ============================================================
2026-08-19 15:54:03,945 | INFO  | SBA  | rag_node             | RAG processing started
2026-08-19 15:54:03,946 | INFO  | SBA  | hybrid_reranked_search | Hybrid reranked search started 
2026-08-19 15:54:03,947 | INFO  | SBA  | hybrid_search        | Hybrid search started 
2026-08-19 15:54:03,948 | INFO  | SBA  | vector_search        | Vector search started | top_k=20
2026-08-19 15:54:04,711 | INFO  | SBA  | vector_search        | Vector search completed | result_count=20
2026-08-19 15:54:04,711 | INFO  | SBA  | fts_search           | FTS search started | top_k=20
2026-08-19 15:54:04,751 | INFO  | SBA  | fts_search           | FTS search completed | result_count=20
2026-08-19 15:54:04,751 | INFO  | SBA  | rrf_fusion           | RRF fusion completed 
2026-08-19 15:54:04,753 | INFO  | SBA  | hybrid_search        | Hybrid search completed | vector=20 | fts=20 | rrf_results=20
2026-08-19 15:54:05,149 | INFO  | SBA  | _generate_rag_answer | RAG answer generation started
2026-08-19 15:54:08,389 | INFO  | SBA  | _generate_rag_answer | RAG answer generation completed
2026-08-19 15:54:08,390 | INFO  | SBA  | answer_rag_query     | RAG query completed
2026-08-19 15:54:08,391 | INFO  | SBA  | rag_node             | RAG processing completed 
2026-08-19 15:54:08,397 | INFO  | SBA  | merge_node           | Merge node started | route=rag
2026-08-19 15:54:08,398 | INFO  | SBA  | merge_node           | Merge completed | route=rag
2026-08-19 15:54:08,607 | INFO  | SBA  | event_generator      | Streaming route selected | route=rag
2026-08-19 15:54:08,608 | INFO  | SBA  | event_generator      | Starting RAG token streaming
2026-08-19 15:54:08,611 | INFO  | SBA  | stream_rag_answer    | Streaming RAG query started
2026-08-19 15:54:08,611 | INFO  | SBA  | stream_rag_answer    | Streaming RAG retrieval completed 
2026-08-19 15:55:45,033 | INFO  | SBA  | stream_query         | ============================================================
2026-08-19 15:55:45,034 | INFO  | SBA  | stream_query         | Streaming query received | query=What is the processing fee for personal loan?
2026-08-19 15:55:45,035 | INFO  | SBA  | stream_query         | ============================================================
2026-08-19 15:55:46,906 | INFO  | SBA  | rag_node             | RAG processing started
2026-08-19 15:55:46,907 | INFO  | SBA  | hybrid_reranked_search | Hybrid reranked search started 
2026-08-19 15:55:46,908 | INFO  | SBA  | hybrid_search        | Hybrid search started 
2026-08-19 15:55:46,909 | INFO  | SBA  | vector_search        | Vector search started | top_k=20
2026-08-19 15:55:47,703 | INFO  | SBA  | vector_search        | Vector search completed | result_count=20
2026-08-19 15:55:47,703 | INFO  | SBA  | fts_search           | FTS search started | top_k=20
2026-08-19 15:55:47,752 | INFO  | SBA  | fts_search           | FTS search completed | result_count=20
2026-08-19 15:55:47,753 | INFO  | SBA  | rrf_fusion           | RRF fusion completed 
2026-08-19 15:55:47,754 | INFO  | SBA  | hybrid_search        | Hybrid search completed | vector=20 | fts=20 | rrf_results=20
2026-08-19 15:55:48,135 | INFO  | SBA  | _generate_rag_answer | RAG answer generation started
2026-08-19 15:55:51,801 | INFO  | SBA  | _generate_rag_answer | RAG answer generation completed
2026-08-19 15:55:51,802 | INFO  | SBA  | answer_rag_query     | RAG query completed
2026-08-19 15:55:51,803 | INFO  | SBA  | rag_node             | RAG processing completed 
2026-08-19 15:55:51,807 | INFO  | SBA  | merge_node           | Merge node started | route=rag
2026-08-19 15:55:51,809 | INFO  | SBA  | merge_node           | Merge completed | route=rag
2026-08-19 15:55:52,039 | INFO  | SBA  | event_generator      | Streaming route selected | route=rag
2026-08-19 15:55:52,040 | INFO  | SBA  | event_generator      | Starting RAG token streaming
2026-08-19 15:55:52,042 | INFO  | SBA  | stream_rag_answer    | Streaming RAG query started
2026-08-19 15:55:52,042 | INFO  | SBA  | stream_rag_answer    | Streaming RAG retrieval completed 
2026-08-19 15:55:54,035 | INFO  | SBA  | stream_rag_answer    | Streaming RAG query completed 
2026-08-19 15:56:36,651 | INFO  | SBA  | stream_query         | ============================================================
2026-08-19 15:56:36,651 | INFO  | SBA  | stream_query         | Streaming query received | query=What is the processing fee for personal loan?
2026-08-19 15:56:36,652 | INFO  | SBA  | stream_query         | ============================================================
2026-08-19 15:56:38,124 | INFO  | SBA  | rag_node             | RAG processing started
2026-08-19 15:56:38,124 | INFO  | SBA  | hybrid_reranked_search | Hybrid reranked search started 
2026-08-19 15:56:38,126 | INFO  | SBA  | hybrid_search        | Hybrid search started 
2026-08-19 15:56:38,127 | INFO  | SBA  | vector_search        | Vector search started | top_k=20
2026-08-19 15:56:38,439 | INFO  | SBA  | vector_search        | Vector search completed | result_count=20
2026-08-19 15:56:38,439 | INFO  | SBA  | fts_search           | FTS search started | top_k=20
2026-08-19 15:56:38,473 | INFO  | SBA  | fts_search           | FTS search completed | result_count=20
2026-08-19 15:56:38,474 | INFO  | SBA  | rrf_fusion           | RRF fusion completed 
2026-08-19 15:56:38,475 | INFO  | SBA  | hybrid_search        | Hybrid search completed | vector=20 | fts=20 | rrf_results=20
2026-08-19 15:56:38,831 | INFO  | SBA  | _generate_rag_answer | RAG answer generation started
2026-08-19 15:56:41,329 | INFO  | SBA  | _generate_rag_answer | RAG answer generation completed
2026-08-19 15:56:41,329 | INFO  | SBA  | answer_rag_query     | RAG query completed
2026-08-19 15:56:41,331 | INFO  | SBA  | rag_node             | RAG processing completed 
2026-08-19 15:56:41,335 | INFO  | SBA  | merge_node           | Merge node started | route=rag
2026-08-19 15:56:41,336 | INFO  | SBA  | merge_node           | Merge completed | route=rag
2026-08-19 15:56:41,533 | INFO  | SBA  | event_generator      | Streaming route selected | route=rag
2026-08-19 15:56:41,534 | INFO  | SBA  | event_generator      | Starting RAG token streaming
2026-08-19 15:56:41,536 | INFO  | SBA  | stream_rag_answer    | Streaming RAG query started
2026-08-19 15:56:41,536 | INFO  | SBA  | stream_rag_answer    | Streaming RAG retrieval completed 
2026-08-19 15:56:44,920 | INFO  | SBA  | stream_rag_answer    | Streaming RAG query completed 
2026-08-19 16:26:41,548 | INFO  | SBA  | stream_query         | ============================================================
2026-08-19 16:26:41,548 | INFO  | SBA  | stream_query         | Streaming query received | query=What is the processing fee for personal loan?
2026-08-19 16:26:41,548 | INFO  | SBA  | stream_query         | ============================================================
2026-08-19 16:26:43,553 | INFO  | SBA  | rag_node             | RAG processing started
2026-08-19 16:26:43,554 | INFO  | SBA  | hybrid_reranked_search | Hybrid reranked search started 
2026-08-19 16:26:43,554 | INFO  | SBA  | hybrid_search        | Hybrid search started 
2026-08-19 16:26:43,556 | INFO  | SBA  | vector_search        | Vector search started | top_k=20
2026-08-19 16:26:45,360 | INFO  | SBA  | vector_search        | Vector search completed | result_count=20
2026-08-19 16:26:45,361 | INFO  | SBA  | fts_search           | FTS search started | top_k=20
2026-08-19 16:26:45,393 | INFO  | SBA  | fts_search           | FTS search completed | result_count=20
2026-08-19 16:26:45,394 | INFO  | SBA  | rrf_fusion           | RRF fusion completed 
2026-08-19 16:26:45,396 | INFO  | SBA  | hybrid_search        | Hybrid search completed | vector=20 | fts=20 | rrf_results=20
2026-08-19 16:26:46,071 | INFO  | SBA  | _generate_rag_answer | RAG answer generation started
2026-08-19 16:26:49,707 | INFO  | SBA  | _generate_rag_answer | RAG answer generation completed
2026-08-19 16:26:49,707 | INFO  | SBA  | answer_rag_query     | RAG query completed
2026-08-19 16:26:49,709 | INFO  | SBA  | rag_node             | RAG processing completed 
2026-08-19 16:26:49,714 | INFO  | SBA  | merge_node           | Merge node started | route=rag
2026-08-19 16:26:49,714 | INFO  | SBA  | merge_node           | Merge completed | route=rag
2026-08-19 16:26:49,920 | INFO  | SBA  | event_generator      | Streaming route selected | route=rag
2026-08-19 16:26:49,922 | INFO  | SBA  | event_generator      | Starting RAG token streaming
2026-08-19 16:26:49,926 | INFO  | SBA  | stream_rag_answer    | Streaming RAG query started
2026-08-19 16:26:49,927 | INFO  | SBA  | stream_rag_answer    | Streaming RAG retrieval completed 
2026-08-19 16:26:52,680 | INFO  | SBA  | stream_rag_answer    | Streaming RAG query completed 
2026-08-19 16:38:06,648 | INFO  | SBA  | stream_query         | ============================================================
2026-08-19 16:38:06,648 | INFO  | SBA  | stream_query         | Streaming query received | query=What is the processing fee for personal loan?
2026-08-19 16:38:06,650 | INFO  | SBA  | stream_query         | ============================================================
2026-08-19 16:38:08,630 | INFO  | SBA  | rag_node             | RAG processing started
2026-08-19 16:38:08,631 | INFO  | SBA  | hybrid_reranked_search | Hybrid reranked search started 
2026-08-19 16:38:08,633 | INFO  | SBA  | hybrid_search        | Hybrid search started 
2026-08-19 16:38:08,633 | INFO  | SBA  | vector_search        | Vector search started | top_k=20
2026-08-19 16:38:09,064 | INFO  | SBA  | vector_search        | Vector search completed | result_count=20
2026-08-19 16:38:09,064 | INFO  | SBA  | fts_search           | FTS search started | top_k=20
2026-08-19 16:38:09,094 | INFO  | SBA  | fts_search           | FTS search completed | result_count=20
2026-08-19 16:38:09,095 | INFO  | SBA  | rrf_fusion           | RRF fusion completed 
2026-08-19 16:38:09,096 | INFO  | SBA  | hybrid_search        | Hybrid search completed | vector=20 | fts=20 | rrf_results=20
2026-08-19 16:38:09,485 | INFO  | SBA  | _generate_rag_answer | RAG answer generation started
2026-08-19 16:38:12,530 | INFO  | SBA  | _generate_rag_answer | RAG answer generation completed
2026-08-19 16:38:12,531 | INFO  | SBA  | answer_rag_query     | RAG query completed
2026-08-19 16:38:12,532 | INFO  | SBA  | rag_node             | RAG processing completed 
2026-08-19 16:38:12,536 | INFO  | SBA  | merge_node           | Merge node started | route=rag
2026-08-19 16:38:12,537 | INFO  | SBA  | merge_node           | Merge completed | route=rag
2026-08-19 16:38:12,750 | INFO  | SBA  | event_generator      | Streaming route selected | route=rag
2026-08-19 16:38:12,750 | INFO  | SBA  | event_generator      | Starting RAG token streaming
2026-08-19 16:38:12,752 | INFO  | SBA  | stream_rag_answer    | Streaming RAG query started
2026-08-19 16:38:12,752 | INFO  | SBA  | stream_rag_answer    | Streaming RAG retrieval completed 
2026-08-19 16:38:15,124 | INFO  | SBA  | stream_rag_answer    | Streaming token started
2026-08-19 16:38:15,178 | INFO  | SBA  | stream_rag_answer    | Streaming token | For
2026-08-19 16:38:15,180 | INFO  | SBA  | stream_rag_answer    | Streaming token |  a
2026-08-19 16:38:15,212 | INFO  | SBA  | stream_rag_answer    | Streaming token |  **
2026-08-19 16:38:15,213 | INFO  | SBA  | stream_rag_answer    | Streaming token | North
2026-08-19 16:38:15,215 | INFO  | SBA  | stream_rag_answer    | Streaming token | Star
2026-08-19 16:38:15,217 | INFO  | SBA  | stream_rag_answer    | Streaming token |  Bank
2026-08-19 16:38:15,219 | INFO  | SBA  | stream_rag_answer    | Streaming token |  Personal
2026-08-19 16:38:15,221 | INFO  | SBA  | stream_rag_answer    | Streaming token |  Loan
2026-08-19 16:38:15,241 | INFO  | SBA  | stream_rag_answer    | Streaming token | **,
2026-08-19 16:38:15,242 | INFO  | SBA  | stream_rag_answer    | Streaming token |  the
2026-08-19 16:38:15,245 | INFO  | SBA  | stream_rag_answer    | Streaming token |  **
2026-08-19 16:38:15,246 | INFO  | SBA  | stream_rag_answer    | Streaming token | processing
2026-08-19 16:38:15,249 | INFO  | SBA  | stream_rag_answer    | Streaming token |  fee
2026-08-19 16:38:15,249 | INFO  | SBA  | stream_rag_answer    | Streaming token |  is
2026-08-19 16:38:15,250 | INFO  | SBA  | stream_rag_answer    | Streaming token |  
2026-08-19 16:38:15,251 | INFO  | SBA  | stream_rag_answer    | Streaming token | 1
2026-08-19 16:38:15,305 | INFO  | SBA  | stream_rag_answer    | Streaming token | .
2026-08-19 16:38:15,307 | INFO  | SBA  | stream_rag_answer    | Streaming token | 00
2026-08-19 16:38:15,308 | INFO  | SBA  | stream_rag_answer    | Streaming token | %
2026-08-19 16:38:15,310 | INFO  | SBA  | stream_rag_answer    | Streaming token |  to
2026-08-19 16:38:15,311 | INFO  | SBA  | stream_rag_answer    | Streaming token |  
2026-08-19 16:38:15,312 | INFO  | SBA  | stream_rag_answer    | Streaming token | 2
2026-08-19 16:38:15,318 | INFO  | SBA  | stream_rag_answer    | Streaming token | .
2026-08-19 16:38:15,319 | INFO  | SBA  | stream_rag_answer    | Streaming token | 00
2026-08-19 16:38:15,367 | INFO  | SBA  | stream_rag_answer    | Streaming token | %
2026-08-19 16:38:15,368 | INFO  | SBA  | stream_rag_answer    | Streaming token |  of
2026-08-19 16:38:15,370 | INFO  | SBA  | stream_rag_answer    | Streaming token |  the
2026-08-19 16:38:15,371 | INFO  | SBA  | stream_rag_answer    | Streaming token |  loan
2026-08-19 16:38:15,373 | INFO  | SBA  | stream_rag_answer    | Streaming token |  amount
2026-08-19 16:38:15,374 | INFO  | SBA  | stream_rag_answer    | Streaming token | **,
2026-08-19 16:38:15,378 | INFO  | SBA  | stream_rag_answer    | Streaming token |  with
2026-08-19 16:38:15,380 | INFO  | SBA  | stream_rag_answer    | Streaming token |  a
2026-08-19 16:38:15,431 | INFO  | SBA  | stream_rag_answer    | Streaming token |  **
2026-08-19 16:38:15,432 | INFO  | SBA  | stream_rag_answer    | Streaming token | minimum
2026-08-19 16:38:15,437 | INFO  | SBA  | stream_rag_answer    | Streaming token |  fee
2026-08-19 16:38:15,438 | INFO  | SBA  | stream_rag_answer    | Streaming token |  of
2026-08-19 16:38:15,444 | INFO  | SBA  | stream_rag_answer    | Streaming token |  Rs
2026-08-19 16:38:15,445 | INFO  | SBA  | stream_rag_answer    | Streaming token | .
2026-08-19 16:38:15,446 | INFO  | SBA  | stream_rag_answer    | Streaming token |  
2026-08-19 16:38:15,447 | INFO  | SBA  | stream_rag_answer    | Streaming token | 2
2026-08-19 16:38:15,488 | INFO  | SBA  | stream_rag_answer    | Streaming token | ,
2026-08-19 16:38:15,489 | INFO  | SBA  | stream_rag_answer    | Streaming token | 000
2026-08-19 16:38:15,517 | INFO  | SBA  | stream_rag_answer    | Streaming token | **
2026-08-19 16:38:15,522 | INFO  | SBA  | stream_rag_answer    | Streaming token | .
2026-08-19 16:38:15,530 | INFO  | SBA  | stream_rag_answer    | Streaming RAG query completed 
2026-08-19 16:38:51,066 | INFO  | SBA  | stream_query         | ============================================================
2026-08-19 16:38:51,066 | INFO  | SBA  | stream_query         | Streaming query received | query=What is the processing fee for personal loan?
2026-08-19 16:38:51,069 | INFO  | SBA  | stream_query         | ============================================================
2026-08-19 16:38:52,304 | INFO  | SBA  | rag_node             | RAG processing started
2026-08-19 16:38:52,305 | INFO  | SBA  | hybrid_reranked_search | Hybrid reranked search started 
2026-08-19 16:38:52,306 | INFO  | SBA  | hybrid_search        | Hybrid search started 
2026-08-19 16:38:52,307 | INFO  | SBA  | vector_search        | Vector search started | top_k=20
2026-08-19 16:38:52,863 | INFO  | SBA  | vector_search        | Vector search completed | result_count=20
2026-08-19 16:38:52,864 | INFO  | SBA  | fts_search           | FTS search started | top_k=20
2026-08-19 16:38:52,898 | INFO  | SBA  | fts_search           | FTS search completed | result_count=20
2026-08-19 16:38:52,898 | INFO  | SBA  | rrf_fusion           | RRF fusion completed 
2026-08-19 16:38:52,900 | INFO  | SBA  | hybrid_search        | Hybrid search completed | vector=20 | fts=20 | rrf_results=20
2026-08-19 16:38:53,261 | INFO  | SBA  | _generate_rag_answer | RAG answer generation started
2026-08-19 16:38:54,948 | INFO  | SBA  | _generate_rag_answer | RAG answer generation completed
2026-08-19 16:38:54,949 | INFO  | SBA  | answer_rag_query     | RAG query completed
2026-08-19 16:38:54,950 | INFO  | SBA  | rag_node             | RAG processing completed 
2026-08-19 16:38:54,955 | INFO  | SBA  | merge_node           | Merge node started | route=rag
2026-08-19 16:38:54,956 | INFO  | SBA  | merge_node           | Merge completed | route=rag
2026-08-19 16:38:55,158 | INFO  | SBA  | event_generator      | Streaming route selected | route=rag
2026-08-19 16:38:55,159 | INFO  | SBA  | event_generator      | Starting RAG token streaming
2026-08-19 16:38:55,161 | INFO  | SBA  | stream_rag_answer    | Streaming RAG query started
2026-08-19 16:38:55,161 | INFO  | SBA  | stream_rag_answer    | Streaming RAG retrieval completed 
2026-08-19 16:38:57,294 | INFO  | SBA  | stream_rag_answer    | Streaming token started
2026-08-19 16:38:57,373 | INFO  | SBA  | stream_rag_answer    | Streaming token | For
2026-08-19 16:38:57,374 | INFO  | SBA  | stream_rag_answer    | Streaming token |  a
2026-08-19 16:38:57,377 | INFO  | SBA  | stream_rag_answer    | Streaming token |  North
2026-08-19 16:38:57,378 | INFO  | SBA  | stream_rag_answer    | Streaming token | Star
2026-08-19 16:38:57,414 | INFO  | SBA  | stream_rag_answer    | Streaming token |  Bank
2026-08-19 16:38:57,415 | INFO  | SBA  | stream_rag_answer    | Streaming token |  Personal
2026-08-19 16:38:57,419 | INFO  | SBA  | stream_rag_answer    | Streaming token |  Loan
2026-08-19 16:38:57,421 | INFO  | SBA  | stream_rag_answer    | Streaming token | ,
2026-08-19 16:38:57,422 | INFO  | SBA  | stream_rag_answer    | Streaming token |  the
2026-08-19 16:38:57,423 | INFO  | SBA  | stream_rag_answer    | Streaming token |  processing
2026-08-19 16:38:57,477 | INFO  | SBA  | stream_rag_answer    | Streaming token |  fee
2026-08-19 16:38:57,478 | INFO  | SBA  | stream_rag_answer    | Streaming token |  is
2026-08-19 16:38:57,612 | INFO  | SBA  | stream_rag_answer    | Streaming token | :


2026-08-19 16:38:57,613 | INFO  | SBA  | stream_rag_answer    | Streaming token | |
2026-08-19 16:38:57,614 | INFO  | SBA  | stream_rag_answer    | Streaming token |  Charge
2026-08-19 16:38:57,615 | INFO  | SBA  | stream_rag_answer    | Streaming token |  |
2026-08-19 16:38:57,616 | INFO  | SBA  | stream_rag_answer    | Streaming token |  Amount
2026-08-19 16:38:57,617 | INFO  | SBA  | stream_rag_answer    | Streaming token |  |

2026-08-19 16:38:57,619 | INFO  | SBA  | stream_rag_answer    | Streaming token | |
2026-08-19 16:38:57,620 | INFO  | SBA  | stream_rag_answer    | Streaming token | ---
2026-08-19 16:38:57,663 | INFO  | SBA  | stream_rag_answer    | Streaming token | |
2026-08-19 16:38:57,664 | INFO  | SBA  | stream_rag_answer    | Streaming token | ---
2026-08-19 16:38:57,668 | INFO  | SBA  | stream_rag_answer    | Streaming token | |

2026-08-19 16:38:57,669 | INFO  | SBA  | stream_rag_answer    | Streaming token | |
2026-08-19 16:38:57,672 | INFO  | SBA  | stream_rag_answer    | Streaming token |  Processing
2026-08-19 16:38:57,673 | INFO  | SBA  | stream_rag_answer    | Streaming token |  Fee
2026-08-19 16:38:57,674 | INFO  | SBA  | stream_rag_answer    | Streaming token |  |
2026-08-19 16:38:57,676 | INFO  | SBA  | stream_rag_answer    | Streaming token |  
2026-08-19 16:38:57,728 | INFO  | SBA  | stream_rag_answer    | Streaming token | 1
2026-08-19 16:38:57,730 | INFO  | SBA  | stream_rag_answer    | Streaming token | .
2026-08-19 16:38:57,791 | INFO  | SBA  | stream_rag_answer    | Streaming token | 00
2026-08-19 16:38:57,792 | INFO  | SBA  | stream_rag_answer    | Streaming token | %
2026-08-19 16:38:57,798 | INFO  | SBA  | stream_rag_answer    | Streaming token |  –
2026-08-19 16:38:57,799 | INFO  | SBA  | stream_rag_answer    | Streaming token |  
2026-08-19 16:38:57,801 | INFO  | SBA  | stream_rag_answer    | Streaming token | 2
2026-08-19 16:38:57,803 | INFO  | SBA  | stream_rag_answer    | Streaming token | .
2026-08-19 16:38:57,804 | INFO  | SBA  | stream_rag_answer    | Streaming token | 00
2026-08-19 16:38:57,805 | INFO  | SBA  | stream_rag_answer    | Streaming token | %
2026-08-19 16:38:57,865 | INFO  | SBA  | stream_rag_answer    | Streaming token |  of
2026-08-19 16:38:57,866 | INFO  | SBA  | stream_rag_answer    | Streaming token |  the
2026-08-19 16:38:57,920 | INFO  | SBA  | stream_rag_answer    | Streaming token |  loan
2026-08-19 16:38:57,921 | INFO  | SBA  | stream_rag_answer    | Streaming token |  amount
2026-08-19 16:38:57,925 | INFO  | SBA  | stream_rag_answer    | Streaming token | ,
2026-08-19 16:38:57,926 | INFO  | SBA  | stream_rag_answer    | Streaming token |  with
2026-08-19 16:38:57,930 | INFO  | SBA  | stream_rag_answer    | Streaming token |  a
2026-08-19 16:38:57,930 | INFO  | SBA  | stream_rag_answer    | Streaming token |  minimum
2026-08-19 16:38:57,933 | INFO  | SBA  | stream_rag_answer    | Streaming token |  of
2026-08-19 16:38:57,934 | INFO  | SBA  | stream_rag_answer    | Streaming token |  Rs
2026-08-19 16:38:57,936 | INFO  | SBA  | stream_rag_answer    | Streaming token | .
2026-08-19 16:38:57,937 | INFO  | SBA  | stream_rag_answer    | Streaming token |  
2026-08-19 16:38:57,985 | INFO  | SBA  | stream_rag_answer    | Streaming token | 2
2026-08-19 16:38:57,993 | INFO  | SBA  | stream_rag_answer    | Streaming token | ,
2026-08-19 16:38:58,030 | INFO  | SBA  | stream_rag_answer    | Streaming token | 000
2026-08-19 16:38:58,031 | INFO  | SBA  | stream_rag_answer    | Streaming token |  |
2026-08-19 16:38:58,039 | INFO  | SBA  | stream_rag_answer    | Streaming RAG query completed 
2026-08-19 16:39:39,815 | INFO  | SBA  | stream_query         | ============================================================
2026-08-19 16:39:39,815 | INFO  | SBA  | stream_query         | Streaming query received | query=Explain personal loan features
2026-08-19 16:39:39,817 | INFO  | SBA  | stream_query         | ============================================================
2026-08-19 16:39:41,116 | INFO  | SBA  | rag_node             | RAG processing started
2026-08-19 16:39:41,117 | INFO  | SBA  | hybrid_reranked_search | Hybrid reranked search started 
2026-08-19 16:39:41,119 | INFO  | SBA  | hybrid_search        | Hybrid search started 
2026-08-19 16:39:41,119 | INFO  | SBA  | vector_search        | Vector search started | top_k=20
2026-08-19 16:39:41,704 | INFO  | SBA  | vector_search        | Vector search completed | result_count=20
2026-08-19 16:39:41,705 | INFO  | SBA  | fts_search           | FTS search started | top_k=20
2026-08-19 16:39:41,741 | INFO  | SBA  | fts_search           | FTS search completed | result_count=20
2026-08-19 16:39:41,741 | INFO  | SBA  | rrf_fusion           | RRF fusion completed 
2026-08-19 16:39:41,743 | INFO  | SBA  | hybrid_search        | Hybrid search completed | vector=20 | fts=20 | rrf_results=20
2026-08-19 16:39:42,128 | INFO  | SBA  | _generate_rag_answer | RAG answer generation started
2026-08-19 16:39:45,715 | INFO  | SBA  | _generate_rag_answer | RAG answer generation completed
2026-08-19 16:39:45,715 | INFO  | SBA  | answer_rag_query     | RAG query completed
2026-08-19 16:39:45,717 | INFO  | SBA  | rag_node             | RAG processing completed 
2026-08-19 16:39:45,720 | INFO  | SBA  | decide_rag_retry     | RAG retry requested 
2026-08-19 16:39:45,723 | INFO  | SBA  | rephrase_query_node  | RAG query rephrase started 
2026-08-19 16:39:45,723 | INFO  | SBA  | rewrite_query        | Query rewrite started
2026-08-19 16:39:49,442 | INFO  | SBA  | rewrite_query        | Query rewrite completed | result_length=95
2026-08-19 16:39:49,443 | INFO  | SBA  | rephrase_query_node  | ============================================================
2026-08-19 16:39:49,444 | INFO  | SBA  | rephrase_query_node  |    Rewritten_query :personal loan features loan amount tenure eligibility approval unsecured salaried self-employed
2026-08-19 16:39:49,445 | INFO  | SBA  | rephrase_query_node  | ============================================================
2026-08-19 16:39:49,449 | INFO  | SBA  | rag_node             | RAG processing started
2026-08-19 16:39:49,450 | INFO  | SBA  | hybrid_reranked_search | Hybrid reranked search started 
2026-08-19 16:39:49,450 | INFO  | SBA  | hybrid_search        | Hybrid search started 
2026-08-19 16:39:49,450 | INFO  | SBA  | vector_search        | Vector search started | top_k=20
2026-08-19 16:39:49,755 | INFO  | SBA  | vector_search        | Vector search completed | result_count=20
2026-08-19 16:39:49,756 | INFO  | SBA  | fts_search           | FTS search started | top_k=20
2026-08-19 16:39:49,807 | INFO  | SBA  | fts_search           | FTS search completed | result_count=20
2026-08-19 16:39:49,808 | INFO  | SBA  | rrf_fusion           | RRF fusion completed 
2026-08-19 16:39:49,810 | INFO  | SBA  | hybrid_search        | Hybrid search completed | vector=20 | fts=20 | rrf_results=20
2026-08-19 16:39:50,370 | INFO  | SBA  | _generate_rag_answer | RAG answer generation started
2026-08-19 16:39:57,568 | INFO  | SBA  | _generate_rag_answer | RAG answer generation completed
2026-08-19 16:39:57,568 | INFO  | SBA  | answer_rag_query     | RAG query completed
2026-08-19 16:39:57,569 | INFO  | SBA  | rag_node             | RAG processing completed 
2026-08-19 16:39:57,574 | INFO  | SBA  | merge_node           | Merge node started | route=rag
2026-08-19 16:39:57,575 | INFO  | SBA  | merge_node           | Merge completed | route=rag
2026-08-19 16:39:57,769 | INFO  | SBA  | event_generator      | Streaming route selected | route=rag
2026-08-19 16:39:57,769 | INFO  | SBA  | event_generator      | Starting RAG token streaming
2026-08-19 16:39:57,771 | INFO  | SBA  | stream_rag_answer    | Streaming RAG query started
2026-08-19 16:39:57,771 | INFO  | SBA  | stream_rag_answer    | Streaming RAG retrieval completed 
2026-08-19 16:39:59,931 | INFO  | SBA  | stream_rag_answer    | Streaming token started
2026-08-19 16:39:59,932 | INFO  | SBA  | stream_rag_answer    | Streaming token | North
2026-08-19 16:39:59,933 | INFO  | SBA  | stream_rag_answer    | Streaming token | Star
2026-08-19 16:39:59,982 | INFO  | SBA  | stream_rag_answer    | Streaming token |  Bank
2026-08-19 16:39:59,983 | INFO  | SBA  | stream_rag_answer    | Streaming token |  Personal
2026-08-19 16:39:59,985 | INFO  | SBA  | stream_rag_answer    | Streaming token |  Loans
2026-08-19 16:39:59,986 | INFO  | SBA  | stream_rag_answer    | Streaming token |  have
2026-08-19 16:39:59,988 | INFO  | SBA  | stream_rag_answer    | Streaming token |  the
2026-08-19 16:39:59,989 | INFO  | SBA  | stream_rag_answer    | Streaming token |  following
2026-08-19 16:39:59,991 | INFO  | SBA  | stream_rag_answer    | Streaming token |  key
2026-08-19 16:39:59,992 | INFO  | SBA  | stream_rag_answer    | Streaming token |  features
2026-08-19 16:40:00,046 | INFO  | SBA  | stream_rag_answer    | Streaming token | :


2026-08-19 16:40:00,048 | INFO  | SBA  | stream_rag_answer    | Streaming token | |
2026-08-19 16:40:00,049 | INFO  | SBA  | stream_rag_answer    | Streaming token |  Feature
2026-08-19 16:40:00,050 | INFO  | SBA  | stream_rag_answer    | Streaming token |  |
2026-08-19 16:40:00,052 | INFO  | SBA  | stream_rag_answer    | Streaming token |  Details
2026-08-19 16:40:00,052 | INFO  | SBA  | stream_rag_answer    | Streaming token |  |

2026-08-19 16:40:00,125 | INFO  | SBA  | stream_rag_answer    | Streaming token | |
2026-08-19 16:40:00,126 | INFO  | SBA  | stream_rag_answer    | Streaming token | ---
2026-08-19 16:40:00,128 | INFO  | SBA  | stream_rag_answer    | Streaming token | |
2026-08-19 16:40:00,129 | INFO  | SBA  | stream_rag_answer    | Streaming token | ---
2026-08-19 16:40:00,168 | INFO  | SBA  | stream_rag_answer    | Streaming token | |

2026-08-19 16:40:00,169 | INFO  | SBA  | stream_rag_answer    | Streaming token | |
2026-08-19 16:40:00,177 | INFO  | SBA  | stream_rag_answer    | Streaming token |  Loan
2026-08-19 16:40:00,178 | INFO  | SBA  | stream_rag_answer    | Streaming token |  type
2026-08-19 16:40:00,233 | INFO  | SBA  | stream_rag_answer    | Streaming token |  |
2026-08-19 16:40:00,240 | INFO  | SBA  | stream_rag_answer    | Streaming token |  Un
2026-08-19 16:40:00,242 | INFO  | SBA  | stream_rag_answer    | Streaming token | secured
2026-08-19 16:40:00,247 | INFO  | SBA  | stream_rag_answer    | Streaming token |  personal
2026-08-19 16:40:00,250 | INFO  | SBA  | stream_rag_answer    | Streaming token |  loan
2026-08-19 16:40:00,251 | INFO  | SBA  | stream_rag_answer    | Streaming token |  |

2026-08-19 16:40:00,255 | INFO  | SBA  | stream_rag_answer    | Streaming token | |
2026-08-19 16:40:00,257 | INFO  | SBA  | stream_rag_answer    | Streaming token |  Eligible
2026-08-19 16:40:00,304 | INFO  | SBA  | stream_rag_answer    | Streaming token |  customers
2026-08-19 16:40:00,305 | INFO  | SBA  | stream_rag_answer    | Streaming token |  |
2026-08-19 16:40:00,308 | INFO  | SBA  | stream_rag_answer    | Streaming token |  Salar
2026-08-19 16:40:00,309 | INFO  | SBA  | stream_rag_answer    | Streaming token | ied
2026-08-19 16:40:00,359 | INFO  | SBA  | stream_rag_answer    | Streaming token |  individuals
2026-08-19 16:40:00,361 | INFO  | SBA  | stream_rag_answer    | Streaming token |  and
2026-08-19 16:40:00,381 | INFO  | SBA  | stream_rag_answer    | Streaming token |  self
2026-08-19 16:40:00,382 | INFO  | SBA  | stream_rag_answer    | Streaming token | -employed
2026-08-19 16:40:00,414 | INFO  | SBA  | stream_rag_answer    | Streaming token |  professionals
2026-08-19 16:40:00,416 | INFO  | SBA  | stream_rag_answer    | Streaming token |  |

2026-08-19 16:40:00,430 | INFO  | SBA  | stream_rag_answer    | Streaming token | |
2026-08-19 16:40:00,431 | INFO  | SBA  | stream_rag_answer    | Streaming token |  Loan
2026-08-19 16:40:00,432 | INFO  | SBA  | stream_rag_answer    | Streaming token |  amount
2026-08-19 16:40:00,433 | INFO  | SBA  | stream_rag_answer    | Streaming token |  |
2026-08-19 16:40:00,434 | INFO  | SBA  | stream_rag_answer    | Streaming token |  Rs
2026-08-19 16:40:00,435 | INFO  | SBA  | stream_rag_answer    | Streaming token | .
2026-08-19 16:40:00,478 | INFO  | SBA  | stream_rag_answer    | Streaming token |  
2026-08-19 16:40:00,479 | INFO  | SBA  | stream_rag_answer    | Streaming token | 50
2026-08-19 16:40:00,482 | INFO  | SBA  | stream_rag_answer    | Streaming token | ,
2026-08-19 16:40:00,483 | INFO  | SBA  | stream_rag_answer    | Streaming token | 000
2026-08-19 16:40:00,484 | INFO  | SBA  | stream_rag_answer    | Streaming token |  to
2026-08-19 16:40:00,485 | INFO  | SBA  | stream_rag_answer    | Streaming token |  Rs
2026-08-19 16:40:00,486 | INFO  | SBA  | stream_rag_answer    | Streaming token | .
2026-08-19 16:40:00,487 | INFO  | SBA  | stream_rag_answer    | Streaming token |  
2026-08-19 16:40:00,488 | INFO  | SBA  | stream_rag_answer    | Streaming token | 40
2026-08-19 16:40:00,489 | INFO  | SBA  | stream_rag_answer    | Streaming token | ,
2026-08-19 16:40:00,540 | INFO  | SBA  | stream_rag_answer    | Streaming token | 00
2026-08-19 16:40:00,541 | INFO  | SBA  | stream_rag_answer    | Streaming token | ,
2026-08-19 16:40:00,543 | INFO  | SBA  | stream_rag_answer    | Streaming token | 000
2026-08-19 16:40:00,544 | INFO  | SBA  | stream_rag_answer    | Streaming token |  |

2026-08-19 16:40:00,546 | INFO  | SBA  | stream_rag_answer    | Streaming token | |
2026-08-19 16:40:00,547 | INFO  | SBA  | stream_rag_answer    | Streaming token |  Ten
2026-08-19 16:40:00,607 | INFO  | SBA  | stream_rag_answer    | Streaming token | ure
2026-08-19 16:40:00,608 | INFO  | SBA  | stream_rag_answer    | Streaming token |  |
2026-08-19 16:40:00,610 | INFO  | SBA  | stream_rag_answer    | Streaming token |  
2026-08-19 16:40:00,611 | INFO  | SBA  | stream_rag_answer    | Streaming token | 12
2026-08-19 16:40:00,612 | INFO  | SBA  | stream_rag_answer    | Streaming token |  to
2026-08-19 16:40:00,613 | INFO  | SBA  | stream_rag_answer    | Streaming token |  
2026-08-19 16:40:00,613 | INFO  | SBA  | stream_rag_answer    | Streaming token | 60
2026-08-19 16:40:00,614 | INFO  | SBA  | stream_rag_answer    | Streaming token |  months
2026-08-19 16:40:00,665 | INFO  | SBA  | stream_rag_answer    | Streaming token |  |

2026-08-19 16:40:00,666 | INFO  | SBA  | stream_rag_answer    | Streaming token | |
2026-08-19 16:40:00,674 | INFO  | SBA  | stream_rag_answer    | Streaming token |  Approval
2026-08-19 16:40:00,677 | INFO  | SBA  | stream_rag_answer    | Streaming token |  timeline
2026-08-19 16:40:00,679 | INFO  | SBA  | stream_rag_answer    | Streaming token |  |
2026-08-19 16:40:00,680 | INFO  | SBA  | stream_rag_answer    | Streaming token |  Typically
2026-08-19 16:40:00,681 | INFO  | SBA  | stream_rag_answer    | Streaming token |  within
2026-08-19 16:40:00,682 | INFO  | SBA  | stream_rag_answer    | Streaming token |  
2026-08-19 16:40:00,723 | INFO  | SBA  | stream_rag_answer    | Streaming token | 24
2026-08-19 16:40:00,724 | INFO  | SBA  | stream_rag_answer    | Streaming token |  hours
2026-08-19 16:40:00,738 | INFO  | SBA  | stream_rag_answer    | Streaming token |  for
2026-08-19 16:40:00,739 | INFO  | SBA  | stream_rag_answer    | Streaming token |  pre
2026-08-19 16:40:00,788 | INFO  | SBA  | stream_rag_answer    | Streaming token | -approved
2026-08-19 16:40:00,790 | INFO  | SBA  | stream_rag_answer    | Streaming token |  customers
2026-08-19 16:40:00,846 | INFO  | SBA  | stream_rag_answer    | Streaming token |  |


2026-08-19 16:40:00,847 | INFO  | SBA  | stream_rag_answer    | Streaming token | **
2026-08-19 16:40:00,971 | INFO  | SBA  | stream_rag_answer    | Streaming token | Interest
2026-08-19 16:40:00,972 | INFO  | SBA  | stream_rag_answer    | Streaming token |  rates
2026-08-19 16:40:00,978 | INFO  | SBA  | stream_rag_answer    | Streaming token |  and
2026-08-19 16:40:00,979 | INFO  | SBA  | stream_rag_answer    | Streaming token |  limits
2026-08-19 16:40:00,982 | INFO  | SBA  | stream_rag_answer    | Streaming token |  by
2026-08-19 16:40:00,983 | INFO  | SBA  | stream_rag_answer    | Streaming token |  customer
2026-08-19 16:40:00,985 | INFO  | SBA  | stream_rag_answer    | Streaming token |  segment
2026-08-19 16:40:00,985 | INFO  | SBA  | stream_rag_answer    | Streaming token | :
2026-08-19 16:40:01,033 | INFO  | SBA  | stream_rag_answer    | Streaming token | **


2026-08-19 16:40:01,034 | INFO  | SBA  | stream_rag_answer    | Streaming token | |
2026-08-19 16:40:01,046 | INFO  | SBA  | stream_rag_answer    | Streaming token |  Customer
2026-08-19 16:40:01,047 | INFO  | SBA  | stream_rag_answer    | Streaming token |  Segment
2026-08-19 16:40:01,095 | INFO  | SBA  | stream_rag_answer    | Streaming token |  |
2026-08-19 16:40:01,096 | INFO  | SBA  | stream_rag_answer    | Streaming token |  Interest
2026-08-19 16:40:01,098 | INFO  | SBA  | stream_rag_answer    | Streaming token |  Rate
2026-08-19 16:40:01,099 | INFO  | SBA  | stream_rag_answer    | Streaming token |  p
2026-08-19 16:40:01,105 | INFO  | SBA  | stream_rag_answer    | Streaming token | .a
2026-08-19 16:40:01,106 | INFO  | SBA  | stream_rag_answer    | Streaming token | .
2026-08-19 16:40:01,108 | INFO  | SBA  | stream_rag_answer    | Streaming token |  |
2026-08-19 16:40:01,109 | INFO  | SBA  | stream_rag_answer    | Streaming token |  Max
2026-08-19 16:40:01,158 | INFO  | SBA  | stream_rag_answer    | Streaming token |  Loan
2026-08-19 16:40:01,160 | INFO  | SBA  | stream_rag_answer    | Streaming token |  Amount
2026-08-19 16:40:01,164 | INFO  | SBA  | stream_rag_answer    | Streaming token |  |
2026-08-19 16:40:01,165 | INFO  | SBA  | stream_rag_answer    | Streaming token |  Max
2026-08-19 16:40:01,169 | INFO  | SBA  | stream_rag_answer    | Streaming token |  Ten
2026-08-19 16:40:01,170 | INFO  | SBA  | stream_rag_answer    | Streaming token | ure
2026-08-19 16:40:01,171 | INFO  | SBA  | stream_rag_answer    | Streaming token |  |

2026-08-19 16:40:01,172 | INFO  | SBA  | stream_rag_answer    | Streaming token | |
2026-08-19 16:40:01,175 | INFO  | SBA  | stream_rag_answer    | Streaming token | ---
2026-08-19 16:40:01,175 | INFO  | SBA  | stream_rag_answer    | Streaming token | |
2026-08-19 16:40:01,221 | INFO  | SBA  | stream_rag_answer    | Streaming token | ---
2026-08-19 16:40:01,223 | INFO  | SBA  | stream_rag_answer    | Streaming token | :
2026-08-19 16:40:01,224 | INFO  | SBA  | stream_rag_answer    | Streaming token | |
2026-08-19 16:40:01,225 | INFO  | SBA  | stream_rag_answer    | Streaming token | ---
2026-08-19 16:40:01,226 | INFO  | SBA  | stream_rag_answer    | Streaming token | :
2026-08-19 16:40:01,227 | INFO  | SBA  | stream_rag_answer    | Streaming token | |
2026-08-19 16:40:01,228 | INFO  | SBA  | stream_rag_answer    | Streaming token | ---
2026-08-19 16:40:01,229 | INFO  | SBA  | stream_rag_answer    | Streaming token | :
2026-08-19 16:40:01,290 | INFO  | SBA  | stream_rag_answer    | Streaming token | |

2026-08-19 16:40:01,292 | INFO  | SBA  | stream_rag_answer    | Streaming token | |
2026-08-19 16:40:01,355 | INFO  | SBA  | stream_rag_answer    | Streaming token |  Salary
2026-08-19 16:40:01,356 | INFO  | SBA  | stream_rag_answer    | Streaming token |  Account
2026-08-19 16:40:01,370 | INFO  | SBA  | stream_rag_answer    | Streaming token |  Holder
2026-08-19 16:40:01,371 | INFO  | SBA  | stream_rag_answer    | Streaming token |  with
2026-08-19 16:40:01,373 | INFO  | SBA  | stream_rag_answer    | Streaming token |  North
2026-08-19 16:40:01,374 | INFO  | SBA  | stream_rag_answer    | Streaming token | Star
2026-08-19 16:40:01,406 | INFO  | SBA  | stream_rag_answer    | Streaming token |  |
2026-08-19 16:40:01,407 | INFO  | SBA  | stream_rag_answer    | Streaming token |  
2026-08-19 16:40:01,410 | INFO  | SBA  | stream_rag_answer    | Streaming token | 10
2026-08-19 16:40:01,411 | INFO  | SBA  | stream_rag_answer    | Streaming token | .
2026-08-19 16:40:01,466 | INFO  | SBA  | stream_rag_answer    | Streaming token | 50
2026-08-19 16:40:01,468 | INFO  | SBA  | stream_rag_answer    | Streaming token | %
2026-08-19 16:40:01,471 | INFO  | SBA  | stream_rag_answer    | Streaming token |  –
2026-08-19 16:40:01,472 | INFO  | SBA  | stream_rag_answer    | Streaming token |  
2026-08-19 16:40:01,473 | INFO  | SBA  | stream_rag_answer    | Streaming token | 13
2026-08-19 16:40:01,474 | INFO  | SBA  | stream_rag_answer    | Streaming token | .
2026-08-19 16:40:01,477 | INFO  | SBA  | stream_rag_answer    | Streaming token | 00
2026-08-19 16:40:01,478 | INFO  | SBA  | stream_rag_answer    | Streaming token | %
2026-08-19 16:40:01,528 | INFO  | SBA  | stream_rag_answer    | Streaming token |  |
2026-08-19 16:40:01,530 | INFO  | SBA  | stream_rag_answer    | Streaming token |  Rs
2026-08-19 16:40:01,533 | INFO  | SBA  | stream_rag_answer    | Streaming token | .
2026-08-19 16:40:01,533 | INFO  | SBA  | stream_rag_answer    | Streaming token |  
2026-08-19 16:40:01,535 | INFO  | SBA  | stream_rag_answer    | Streaming token | 40
2026-08-19 16:40:01,536 | INFO  | SBA  | stream_rag_answer    | Streaming token | ,
2026-08-19 16:40:01,537 | INFO  | SBA  | stream_rag_answer    | Streaming token | 00
2026-08-19 16:40:01,538 | INFO  | SBA  | stream_rag_answer    | Streaming token | ,
2026-08-19 16:40:01,603 | INFO  | SBA  | stream_rag_answer    | Streaming token | 000
2026-08-19 16:40:01,604 | INFO  | SBA  | stream_rag_answer    | Streaming token |  |
2026-08-19 16:40:01,606 | INFO  | SBA  | stream_rag_answer    | Streaming token |  
2026-08-19 16:40:01,607 | INFO  | SBA  | stream_rag_answer    | Streaming token | 60
2026-08-19 16:40:01,653 | INFO  | SBA  | stream_rag_answer    | Streaming token |  months
2026-08-19 16:40:01,655 | INFO  | SBA  | stream_rag_answer    | Streaming token |  |

2026-08-19 16:40:01,718 | INFO  | SBA  | stream_rag_answer    | Streaming token | |
2026-08-19 16:40:01,719 | INFO  | SBA  | stream_rag_answer    | Streaming token |  Salar
2026-08-19 16:40:01,778 | INFO  | SBA  | stream_rag_answer    | Streaming token | ied
2026-08-19 16:40:01,779 | INFO  | SBA  | stream_rag_answer    | Streaming token |  with
2026-08-19 16:40:01,781 | INFO  | SBA  | stream_rag_answer    | Streaming token |  Other
2026-08-19 16:40:01,782 | INFO  | SBA  | stream_rag_answer    | Streaming token |  Bank
2026-08-19 16:40:01,783 | INFO  | SBA  | stream_rag_answer    | Streaming token |  |
2026-08-19 16:40:01,784 | INFO  | SBA  | stream_rag_answer    | Streaming token |  
2026-08-19 16:40:01,785 | INFO  | SBA  | stream_rag_answer    | Streaming token | 12
2026-08-19 16:40:01,786 | INFO  | SBA  | stream_rag_answer    | Streaming token | .
2026-08-19 16:40:01,908 | INFO  | SBA  | stream_rag_answer    | Streaming token | 00
2026-08-19 16:40:01,909 | INFO  | SBA  | stream_rag_answer    | Streaming token | %
2026-08-19 16:40:01,912 | INFO  | SBA  | stream_rag_answer    | Streaming token |  –
2026-08-19 16:40:01,913 | INFO  | SBA  | stream_rag_answer    | Streaming token |  
2026-08-19 16:40:01,915 | INFO  | SBA  | stream_rag_answer    | Streaming token | 15
2026-08-19 16:40:01,916 | INFO  | SBA  | stream_rag_answer    | Streaming token | .
2026-08-19 16:40:01,919 | INFO  | SBA  | stream_rag_answer    | Streaming token | 50
2026-08-19 16:40:01,920 | INFO  | SBA  | stream_rag_answer    | Streaming token | %
2026-08-19 16:40:01,922 | INFO  | SBA  | stream_rag_answer    | Streaming token |  |
2026-08-19 16:40:01,923 | INFO  | SBA  | stream_rag_answer    | Streaming token |  Rs
2026-08-19 16:40:01,925 | INFO  | SBA  | stream_rag_answer    | Streaming token | .
2026-08-19 16:40:01,926 | INFO  | SBA  | stream_rag_answer    | Streaming token |  
2026-08-19 16:40:01,930 | INFO  | SBA  | stream_rag_answer    | Streaming token | 25
2026-08-19 16:40:01,931 | INFO  | SBA  | stream_rag_answer    | Streaming token | ,
2026-08-19 16:40:01,932 | INFO  | SBA  | stream_rag_answer    | Streaming token | 00
2026-08-19 16:40:01,933 | INFO  | SBA  | stream_rag_answer    | Streaming token | ,
2026-08-19 16:40:01,934 | INFO  | SBA  | stream_rag_answer    | Streaming token | 000
2026-08-19 16:40:01,960 | INFO  | SBA  | stream_rag_answer    | Streaming token |  |
2026-08-19 16:40:01,962 | INFO  | SBA  | stream_rag_answer    | Streaming token |  
2026-08-19 16:40:01,963 | INFO  | SBA  | stream_rag_answer    | Streaming token | 48
2026-08-19 16:40:01,964 | INFO  | SBA  | stream_rag_answer    | Streaming token |  months
2026-08-19 16:40:01,965 | INFO  | SBA  | stream_rag_answer    | Streaming token |  |

2026-08-19 16:40:01,966 | INFO  | SBA  | stream_rag_answer    | Streaming token | |
2026-08-19 16:40:02,021 | INFO  | SBA  | stream_rag_answer    | Streaming token |  Self
2026-08-19 16:40:02,022 | INFO  | SBA  | stream_rag_answer    | Streaming token | -
2026-08-19 16:40:02,024 | INFO  | SBA  | stream_rag_answer    | Streaming token | Em
2026-08-19 16:40:02,025 | INFO  | SBA  | stream_rag_answer    | Streaming token | ployed
2026-08-19 16:40:02,026 | INFO  | SBA  | stream_rag_answer    | Streaming token |  Professional
2026-08-19 16:40:02,027 | INFO  | SBA  | stream_rag_answer    | Streaming token |  |
2026-08-19 16:40:02,029 | INFO  | SBA  | stream_rag_answer    | Streaming token |  
2026-08-19 16:40:02,029 | INFO  | SBA  | stream_rag_answer    | Streaming token | 13
2026-08-19 16:40:02,032 | INFO  | SBA  | stream_rag_answer    | Streaming token | .
2026-08-19 16:40:02,034 | INFO  | SBA  | stream_rag_answer    | Streaming token | 50
2026-08-19 16:40:02,084 | INFO  | SBA  | stream_rag_answer    | Streaming token | %
2026-08-19 16:40:02,086 | INFO  | SBA  | stream_rag_answer    | Streaming token |  –
2026-08-19 16:40:02,091 | INFO  | SBA  | stream_rag_answer    | Streaming token |  
2026-08-19 16:40:02,092 | INFO  | SBA  | stream_rag_answer    | Streaming token | 17
2026-08-19 16:40:02,093 | INFO  | SBA  | stream_rag_answer    | Streaming token | .
2026-08-19 16:40:02,094 | INFO  | SBA  | stream_rag_answer    | Streaming token | 00
2026-08-19 16:40:02,145 | INFO  | SBA  | stream_rag_answer    | Streaming token | %
2026-08-19 16:40:02,146 | INFO  | SBA  | stream_rag_answer    | Streaming token |  |
2026-08-19 16:40:02,148 | INFO  | SBA  | stream_rag_answer    | Streaming token |  Rs
2026-08-19 16:40:02,149 | INFO  | SBA  | stream_rag_answer    | Streaming token | .
2026-08-19 16:40:02,150 | INFO  | SBA  | stream_rag_answer    | Streaming token |  
2026-08-19 16:40:02,151 | INFO  | SBA  | stream_rag_answer    | Streaming token | 20
2026-08-19 16:40:02,152 | INFO  | SBA  | stream_rag_answer    | Streaming token | ,
2026-08-19 16:40:02,153 | INFO  | SBA  | stream_rag_answer    | Streaming token | 00
2026-08-19 16:40:02,155 | INFO  | SBA  | stream_rag_answer    | Streaming token | ,
2026-08-19 16:40:02,156 | INFO  | SBA  | stream_rag_answer    | Streaming token | 000
2026-08-19 16:40:02,223 | INFO  | SBA  | stream_rag_answer    | Streaming token |  |
2026-08-19 16:40:02,224 | INFO  | SBA  | stream_rag_answer    | Streaming token |  
2026-08-19 16:40:02,225 | INFO  | SBA  | stream_rag_answer    | Streaming token | 48
2026-08-19 16:40:02,226 | INFO  | SBA  | stream_rag_answer    | Streaming token |  months
2026-08-19 16:40:02,228 | INFO  | SBA  | stream_rag_answer    | Streaming token |  |

2026-08-19 16:40:02,229 | INFO  | SBA  | stream_rag_answer    | Streaming token | |
2026-08-19 16:40:02,273 | INFO  | SBA  | stream_rag_answer    | Streaming token |  Pre
2026-08-19 16:40:02,274 | INFO  | SBA  | stream_rag_answer    | Streaming token | -
2026-08-19 16:40:02,276 | INFO  | SBA  | stream_rag_answer    | Streaming token | Approved
2026-08-19 16:40:02,277 | INFO  | SBA  | stream_rag_answer    | Streaming token |  Existing
2026-08-19 16:40:02,278 | INFO  | SBA  | stream_rag_answer    | Streaming token |  Customer
2026-08-19 16:40:02,280 | INFO  | SBA  | stream_rag_answer    | Streaming token |  |
2026-08-19 16:40:02,281 | INFO  | SBA  | stream_rag_answer    | Streaming token |  
2026-08-19 16:40:02,282 | INFO  | SBA  | stream_rag_answer    | Streaming token | 10
2026-08-19 16:40:02,284 | INFO  | SBA  | stream_rag_answer    | Streaming token | .
2026-08-19 16:40:02,286 | INFO  | SBA  | stream_rag_answer    | Streaming token | 00
2026-08-19 16:40:02,338 | INFO  | SBA  | stream_rag_answer    | Streaming token | %
2026-08-19 16:40:02,340 | INFO  | SBA  | stream_rag_answer    | Streaming token |  –
2026-08-19 16:40:02,342 | INFO  | SBA  | stream_rag_answer    | Streaming token |  
2026-08-19 16:40:02,343 | INFO  | SBA  | stream_rag_answer    | Streaming token | 11
2026-08-19 16:40:02,349 | INFO  | SBA  | stream_rag_answer    | Streaming token | .
2026-08-19 16:40:02,351 | INFO  | SBA  | stream_rag_answer    | Streaming token | 50
2026-08-19 16:40:02,352 | INFO  | SBA  | stream_rag_answer    | Streaming token | %
2026-08-19 16:40:02,406 | INFO  | SBA  | stream_rag_answer    | Streaming token |  |
2026-08-19 16:40:02,408 | INFO  | SBA  | stream_rag_answer    | Streaming token |  Rs
2026-08-19 16:40:02,410 | INFO  | SBA  | stream_rag_answer    | Streaming token | .
2026-08-19 16:40:02,411 | INFO  | SBA  | stream_rag_answer    | Streaming token |  
2026-08-19 16:40:02,419 | INFO  | SBA  | stream_rag_answer    | Streaming token | 40
2026-08-19 16:40:02,420 | INFO  | SBA  | stream_rag_answer    | Streaming token | ,
2026-08-19 16:40:02,421 | INFO  | SBA  | stream_rag_answer    | Streaming token | 00
2026-08-19 16:40:02,423 | INFO  | SBA  | stream_rag_answer    | Streaming token | ,
2026-08-19 16:40:02,423 | INFO  | SBA  | stream_rag_answer    | Streaming token | 000
2026-08-19 16:40:02,472 | INFO  | SBA  | stream_rag_answer    | Streaming token |  |
2026-08-19 16:40:02,473 | INFO  | SBA  | stream_rag_answer    | Streaming token |  
2026-08-19 16:40:02,475 | INFO  | SBA  | stream_rag_answer    | Streaming token | 60
2026-08-19 16:40:02,476 | INFO  | SBA  | stream_rag_answer    | Streaming token |  months
2026-08-19 16:40:02,477 | INFO  | SBA  | stream_rag_answer    | Streaming token |  |


2026-08-19 16:40:02,477 | INFO  | SBA  | stream_rag_answer    | Streaming token | **
2026-08-19 16:40:02,478 | INFO  | SBA  | stream_rag_answer    | Streaming token | Eligibility
2026-08-19 16:40:02,479 | INFO  | SBA  | stream_rag_answer    | Streaming token |  highlights
2026-08-19 16:40:02,546 | INFO  | SBA  | stream_rag_answer    | Streaming token | :
2026-08-19 16:40:02,547 | INFO  | SBA  | stream_rag_answer    | Streaming token | **

2026-08-19 16:40:02,549 | INFO  | SBA  | stream_rag_answer    | Streaming token | -
2026-08-19 16:40:02,550 | INFO  | SBA  | stream_rag_answer    | Streaming token |  Age
2026-08-19 16:40:02,551 | INFO  | SBA  | stream_rag_answer    | Streaming token | :
2026-08-19 16:40:02,552 | INFO  | SBA  | stream_rag_answer    | Streaming token |  
2026-08-19 16:40:02,604 | INFO  | SBA  | stream_rag_answer    | Streaming token | 21
2026-08-19 16:40:02,605 | INFO  | SBA  | stream_rag_answer    | Streaming token | –
2026-08-19 16:40:02,620 | INFO  | SBA  | stream_rag_answer    | Streaming token | 60
2026-08-19 16:40:02,621 | INFO  | SBA  | stream_rag_answer    | Streaming token |  years
2026-08-19 16:40:02,671 | INFO  | SBA  | stream_rag_answer    | Streaming token |  at
2026-08-19 16:40:02,675 | INFO  | SBA  | stream_rag_answer    | Streaming token |  loan
2026-08-19 16:40:02,681 | INFO  | SBA  | stream_rag_answer    | Streaming token |  maturity
2026-08-19 16:40:02,682 | INFO  | SBA  | stream_rag_answer    | Streaming token |   

2026-08-19 16:40:02,750 | INFO  | SBA  | stream_rag_answer    | Streaming token | -
2026-08-19 16:40:02,751 | INFO  | SBA  | stream_rag_answer    | Streaming token |  Minimum
2026-08-19 16:40:02,806 | INFO  | SBA  | stream_rag_answer    | Streaming token |  income
2026-08-19 16:40:02,807 | INFO  | SBA  | stream_rag_answer    | Streaming token | :
2026-08-19 16:40:02,870 | INFO  | SBA  | stream_rag_answer    | Streaming token |   

2026-08-19 16:40:02,872 | INFO  | SBA  | stream_rag_answer    | Streaming token |  
2026-08-19 16:40:02,873 | INFO  | SBA  | stream_rag_answer    | Streaming token |  -
2026-08-19 16:40:02,875 | INFO  | SBA  | stream_rag_answer    | Streaming token |  Salar
2026-08-19 16:40:02,877 | INFO  | SBA  | stream_rag_answer    | Streaming token | ied
2026-08-19 16:40:02,877 | INFO  | SBA  | stream_rag_answer    | Streaming token | :
2026-08-19 16:40:02,884 | INFO  | SBA  | stream_rag_answer    | Streaming token |  Rs
2026-08-19 16:40:02,885 | INFO  | SBA  | stream_rag_answer    | Streaming token | .
2026-08-19 16:40:02,941 | INFO  | SBA  | stream_rag_answer    | Streaming token |  
2026-08-19 16:40:02,942 | INFO  | SBA  | stream_rag_answer    | Streaming token | 20
2026-08-19 16:40:02,952 | INFO  | SBA  | stream_rag_answer    | Streaming token | ,
2026-08-19 16:40:02,953 | INFO  | SBA  | stream_rag_answer    | Streaming token | 000
2026-08-19 16:40:03,006 | INFO  | SBA  | stream_rag_answer    | Streaming token |  net
2026-08-19 16:40:03,007 | INFO  | SBA  | stream_rag_answer    | Streaming token |  take
2026-08-19 16:40:03,009 | INFO  | SBA  | stream_rag_answer    | Streaming token | -home
2026-08-19 16:40:03,009 | INFO  | SBA  | stream_rag_answer    | Streaming token |  per
2026-08-19 16:40:03,011 | INFO  | SBA  | stream_rag_answer    | Streaming token |  month
2026-08-19 16:40:03,012 | INFO  | SBA  | stream_rag_answer    | Streaming token |   

2026-08-19 16:40:03,078 | INFO  | SBA  | stream_rag_answer    | Streaming token |  
2026-08-19 16:40:03,079 | INFO  | SBA  | stream_rag_answer    | Streaming token |  -
2026-08-19 16:40:03,083 | INFO  | SBA  | stream_rag_answer    | Streaming token |  Self
2026-08-19 16:40:03,084 | INFO  | SBA  | stream_rag_answer    | Streaming token | -employed
2026-08-19 16:40:03,085 | INFO  | SBA  | stream_rag_answer    | Streaming token | :
2026-08-19 16:40:03,086 | INFO  | SBA  | stream_rag_answer    | Streaming token |  Rs
2026-08-19 16:40:03,088 | INFO  | SBA  | stream_rag_answer    | Streaming token | .
2026-08-19 16:40:03,089 | INFO  | SBA  | stream_rag_answer    | Streaming token |  
2026-08-19 16:40:03,141 | INFO  | SBA  | stream_rag_answer    | Streaming token | 2
2026-08-19 16:40:03,143 | INFO  | SBA  | stream_rag_answer    | Streaming token | ,
2026-08-19 16:40:03,213 | INFO  | SBA  | stream_rag_answer    | Streaming token | 40
2026-08-19 16:40:03,215 | INFO  | SBA  | stream_rag_answer    | Streaming token | ,
2026-08-19 16:40:03,275 | INFO  | SBA  | stream_rag_answer    | Streaming token | 000
2026-08-19 16:40:03,276 | INFO  | SBA  | stream_rag_answer    | Streaming token |  annual
2026-08-19 16:40:03,287 | INFO  | SBA  | stream_rag_answer    | Streaming token |  income
2026-08-19 16:40:03,288 | INFO  | SBA  | stream_rag_answer    | Streaming token |  as
2026-08-19 16:40:03,289 | INFO  | SBA  | stream_rag_answer    | Streaming token |  per
2026-08-19 16:40:03,290 | INFO  | SBA  | stream_rag_answer    | Streaming token |  I
2026-08-19 16:40:03,292 | INFO  | SBA  | stream_rag_answer    | Streaming token | TR
2026-08-19 16:40:03,292 | INFO  | SBA  | stream_rag_answer    | Streaming token |   

2026-08-19 16:40:03,343 | INFO  | SBA  | stream_rag_answer    | Streaming token | -
2026-08-19 16:40:03,345 | INFO  | SBA  | stream_rag_answer    | Streaming token |  Minimum
2026-08-19 16:40:03,357 | INFO  | SBA  | stream_rag_answer    | Streaming token |  C
2026-08-19 16:40:03,358 | INFO  | SBA  | stream_rag_answer    | Streaming token | IBIL
2026-08-19 16:40:03,369 | INFO  | SBA  | stream_rag_answer    | Streaming token |  score
2026-08-19 16:40:03,370 | INFO  | SBA  | stream_rag_answer    | Streaming token | :
2026-08-19 16:40:03,373 | INFO  | SBA  | stream_rag_answer    | Streaming token |  
2026-08-19 16:40:03,376 | INFO  | SBA  | stream_rag_answer    | Streaming token | 700
2026-08-19 16:40:03,517 | INFO  | SBA  | stream_rag_answer    | Streaming token |   

2026-08-19 16:40:03,519 | INFO  | SBA  | stream_rag_answer    | Streaming token | -
2026-08-19 16:40:03,544 | INFO  | SBA  | stream_rag_answer    | Streaming token |  Stability
2026-08-19 16:40:03,545 | INFO  | SBA  | stream_rag_answer    | Streaming token |  requirement
2026-08-19 16:40:03,553 | INFO  | SBA  | stream_rag_answer    | Streaming token | :
2026-08-19 16:40:03,554 | INFO  | SBA  | stream_rag_answer    | Streaming token |  Minimum
2026-08-19 16:40:03,557 | INFO  | SBA  | stream_rag_answer    | Streaming token |  
2026-08-19 16:40:03,558 | INFO  | SBA  | stream_rag_answer    | Streaming token | 1
2026-08-19 16:40:03,562 | INFO  | SBA  | stream_rag_answer    | Streaming token |  year
2026-08-19 16:40:03,563 | INFO  | SBA  | stream_rag_answer    | Streaming token |  with
2026-08-19 16:40:03,565 | INFO  | SBA  | stream_rag_answer    | Streaming token |  current
2026-08-19 16:40:03,566 | INFO  | SBA  | stream_rag_answer    | Streaming token |  employer
2026-08-19 16:40:03,567 | INFO  | SBA  | stream_rag_answer    | Streaming token |  or
2026-08-19 16:40:03,568 | INFO  | SBA  | stream_rag_answer    | Streaming token |  
2026-08-19 16:40:03,570 | INFO  | SBA  | stream_rag_answer    | Streaming token | 2
2026-08-19 16:40:03,571 | INFO  | SBA  | stream_rag_answer    | Streaming token |  years
2026-08-19 16:40:03,579 | INFO  | SBA  | stream_rag_answer    | Streaming token |  in
2026-08-19 16:40:03,580 | INFO  | SBA  | stream_rag_answer    | Streaming token |  business
2026-08-19 16:40:03,595 | INFO  | SBA  | stream_rag_answer    | Streaming token | .
2026-08-19 16:40:03,606 | INFO  | SBA  | stream_rag_answer    | Streaming RAG query completed 
2026-08-19 16:51:01,032 | INFO  | SBA  | stream_query         | ============================================================
2026-08-19 16:51:01,032 | INFO  | SBA  | stream_query         | Streaming query received | query=Show all accounts with balance greater than 100000
2026-08-19 16:51:01,034 | INFO  | SBA  | stream_query         | ============================================================
2026-08-19 16:51:03,053 | INFO  | SBA  | process_natural_language_query | Natural-language SQL pipeline started
2026-08-19 16:51:03,054 | INFO  | SBA  | generate_sql         | SQL generation started
2026-08-19 16:51:10,001 | INFO  | SBA  | generate_sql         | SQL generation completed
2026-08-19 16:51:10,002 | INFO  | SBA  | validate_sql         | SQL validation failed | reason=non_select
2026-08-19 16:51:10,003 | INFO  | SBA  | process_natural_language_query | Generated SQL failed validation
2026-08-19 16:51:10,004 | INFO  | SBA  | format_sql_response  | SQL engine returned an error
2026-08-19 16:51:10,004 | INFO  | SBA  | sql_node             | SQL processing returned error
2026-08-19 16:51:10,008 | INFO  | SBA  | merge_node           | Merge node started | route=sql
2026-08-19 16:51:10,008 | INFO  | SBA  | merge_node           | SQL merge state sources=[{'source_type': 'database', 'source_name': 'NorthStar Bank Customer Database'}]
2026-08-19 16:51:10,008 | INFO  | SBA  | merge_node           | Merge completed | route=sql
2026-08-19 16:51:10,205 | INFO  | SBA  | event_generator      | Streaming route selected | route=sql
2026-08-19 17:03:57,263 | INFO  | SBA  | stream_query         | ============================================================
2026-08-19 17:03:57,263 | INFO  | SBA  | stream_query         | Streaming query received | query=Show all accounts with balance greater than 100000
2026-08-19 17:03:57,265 | INFO  | SBA  | stream_query         | ============================================================
2026-08-19 17:03:58,970 | INFO  | SBA  | process_natural_language_query | Natural-language SQL pipeline started
2026-08-19 17:03:58,971 | INFO  | SBA  | generate_sql         | SQL generation started
2026-08-19 17:04:07,414 | INFO  | SBA  | generate_sql         | SQL generation completed :WITH latest_balances AS (
    SELECT
        account_id,
        txn_date,
        balance_after,
        ROW_NUMBER() OVER (
            PARTITION BY account_id
            ORDER BY txn_date DESC, created_at DESC
        ) AS rn
    FROM transactions
)
SELECT
    a.account_id,
    a.customer_name,
    a.account_type,
    a.branch_code,
    a.ifsc_code,
    lb.balance_after AS current_balance,
    lb.txn_date AS balance_as_of_date
FROM accounts a
JOIN latest_balances lb
    ON a.account_id = lb.account_id
WHERE lb.rn = 1
  AND lb.balance_after > 100000
ORDER BY lb.balance_after DESC
LIMIT 100;
2026-08-19 17:04:07,414 | INFO  | SBA  | validate_sql         | SQL validation failed | reason=non_select
2026-08-19 17:04:07,417 | INFO  | SBA  | process_natural_language_query | Generated SQL failed validation
2026-08-19 17:04:07,417 | INFO  | SBA  | format_sql_response  | SQL engine returned an error
2026-08-19 17:04:07,418 | INFO  | SBA  | sql_node             | SQL processing returned error
2026-08-19 17:04:07,420 | INFO  | SBA  | merge_node           | Merge node started | route=sql
2026-08-19 17:04:07,421 | INFO  | SBA  | merge_node           | SQL merge state sources=[{'source_type': 'database', 'source_name': 'NorthStar Bank Customer Database'}]
2026-08-19 17:04:07,421 | INFO  | SBA  | merge_node           | Merge completed | route=sql
2026-08-19 17:04:07,627 | INFO  | SBA  | event_generator      | Streaming route selected | route=sql
2026-08-19 17:16:23,832 | INFO  | SBA  | stream_query         | ============================================================
2026-08-19 17:16:23,834 | INFO  | SBA  | stream_query         | Streaming query received | query=Show all accounts with balance greater than 100000
2026-08-19 17:16:23,835 | INFO  | SBA  | stream_query         | ============================================================
2026-08-19 17:16:25,520 | INFO  | SBA  | process_natural_language_query | Natural-language SQL pipeline started
2026-08-19 17:16:25,522 | INFO  | SBA  | generate_sql         | SQL generation started
2026-08-19 17:16:35,275 | INFO  | SBA  | generate_sql         | SQL generation completed :SELECT
    a.account_id,
    a.customer_name,
    a.account_type,
    a.branch_code,
    a.ifsc_code,
    latest_txn.balance_after AS latest_balance,
    latest_txn.txn_date AS balance_as_of
FROM accounts a
JOIN (
    SELECT DISTINCT ON (account_id)
        account_id,
        balance_after,
        txn_date,
        created_at
    FROM transactions
    ORDER BY account_id, txn_date DESC, created_at DESC
) latest_txn
    ON a.account_id = latest_txn.account_id
WHERE latest_txn.balance_after > 100000
ORDER BY latest_txn.balance_after DESC
LIMIT 100;
2026-08-19 17:16:35,276 | INFO  | SBA  | process_natural_language_query | Generated SQL passed validation
2026-08-19 17:16:35,278 | INFO  | SBA  | execute_sql          | SQL execution started :SELECT
    a.account_id,
    a.customer_name,
    a.account_type,
    a.branch_code,
    a.ifsc_code,
    latest_txn.balance_after AS latest_balance,
    latest_txn.txn_date AS balance_as_of
FROM accounts a
JOIN (
    SELECT DISTINCT ON (account_id)
        account_id,
        balance_after,
        txn_date,
        created_at
    FROM transactions
    ORDER BY account_id, txn_date DESC, created_at DESC
) latest_txn
    ON a.account_id = latest_txn.account_id
WHERE latest_txn.balance_after > 100000
ORDER BY latest_txn.balance_after DESC
LIMIT 100;
2026-08-19 17:16:35,325 | INFO  | SBA  | execute_sql          | SQL execution completed | row_count=2
2026-08-19 17:16:35,325 | INFO  | SBA  | process_natural_language_query | Natural-language SQL pipeline completed | success=True | row_count=2
2026-08-19 17:16:35,327 | INFO  | SBA  | sql_node             | SQL processing completed | row_count=2
2026-08-19 17:16:35,329 | INFO  | SBA  | merge_node           | Merge node started | route=sql
2026-08-19 17:16:35,330 | INFO  | SBA  | merge_node           | SQL merge state sources=[{'source_type': 'database', 'source_name': 'NorthStar Bank Customer Database'}]
2026-08-19 17:16:35,331 | INFO  | SBA  | merge_node           | Merge completed | route=sql
2026-08-19 17:16:35,541 | INFO  | SBA  | event_generator      | Streaming route selected | route=sql
2026-08-19 17:16:49,994 | INFO  | SBA  | stream_query         | ============================================================
2026-08-19 17:16:49,994 | INFO  | SBA  | stream_query         | Streaming query received | query=Show transactions for account 1345367 where amount is greater than 50000
2026-08-19 17:16:49,996 | INFO  | SBA  | stream_query         | ============================================================
2026-08-19 17:16:51,570 | INFO  | SBA  | process_natural_language_query | Natural-language SQL pipeline started
2026-08-19 17:16:51,570 | INFO  | SBA  | generate_sql         | SQL generation started
2026-08-19 17:16:54,172 | INFO  | SBA  | generate_sql         | SQL generation completed :SELECT
    account_id,
    txn_date,
    txn_type,
    amount,
    balance_after,
    description,
    channel,
    merchant_name,
    category
FROM transactions
WHERE account_id = '1345367'
  AND amount > 50000
ORDER BY txn_date DESC
LIMIT 100;
2026-08-19 17:16:54,173 | INFO  | SBA  | process_natural_language_query | Generated SQL passed validation
2026-08-19 17:16:54,175 | INFO  | SBA  | execute_sql          | SQL execution started :SELECT
    account_id,
    txn_date,
    txn_type,
    amount,
    balance_after,
    description,
    channel,
    merchant_name,
    category
FROM transactions
WHERE account_id = '1345367'
  AND amount > 50000
ORDER BY txn_date DESC
LIMIT 100;
2026-08-19 17:16:54,218 | INFO  | SBA  | execute_sql          | SQL execution completed | row_count=7
2026-08-19 17:16:54,219 | INFO  | SBA  | process_natural_language_query | Natural-language SQL pipeline completed | success=True | row_count=7
2026-08-19 17:16:54,220 | INFO  | SBA  | sql_node             | SQL processing completed | row_count=7
2026-08-19 17:16:54,225 | INFO  | SBA  | merge_node           | Merge node started | route=sql
2026-08-19 17:16:54,225 | INFO  | SBA  | merge_node           | SQL merge state sources=[{'source_type': 'database', 'source_name': 'NorthStar Bank Customer Database'}]
2026-08-19 17:16:54,226 | INFO  | SBA  | merge_node           | Merge completed | route=sql
2026-08-19 17:16:54,508 | INFO  | SBA  | event_generator      | Streaming route selected | route=sql
2026-08-19 17:17:11,477 | INFO  | SBA  | stream_query         | ============================================================
2026-08-19 17:17:11,477 | INFO  | SBA  | stream_query         | Streaming query received | query=Which customers have the highest account balances?
2026-08-19 17:17:11,478 | INFO  | SBA  | stream_query         | ============================================================
2026-08-19 17:17:12,978 | INFO  | SBA  | process_natural_language_query | Natural-language SQL pipeline started
2026-08-19 17:17:12,979 | INFO  | SBA  | generate_sql         | SQL generation started
2026-08-19 17:17:20,343 | INFO  | SBA  | generate_sql         | SQL generation completed :WITH latest_balances AS (
    SELECT DISTINCT ON (t.account_id)
        t.account_id,
        t.balance_after,
        t.txn_date,
        t.created_at
    FROM transactions t
    ORDER BY t.account_id, t.txn_date DESC, t.created_at DESC
)
SELECT
    a.customer_name,
    a.account_id,
    lb.balance_after AS current_balance,
    lb.txn_date AS balance_as_of
FROM latest_balances lb
JOIN accounts a
    ON a.account_id = lb.account_id
ORDER BY lb.balance_after DESC
LIMIT 100;
2026-08-19 17:17:20,344 | INFO  | SBA  | process_natural_language_query | Generated SQL passed validation
2026-08-19 17:17:20,345 | INFO  | SBA  | execute_sql          | SQL execution started :WITH latest_balances AS (
    SELECT DISTINCT ON (t.account_id)
        t.account_id,
        t.balance_after,
        t.txn_date,
        t.created_at
    FROM transactions t
    ORDER BY t.account_id, t.txn_date DESC, t.created_at DESC
)
SELECT
    a.customer_name,
    a.account_id,
    lb.balance_after AS current_balance,
    lb.txn_date AS balance_as_of
FROM latest_balances lb
JOIN accounts a
    ON a.account_id = lb.account_id
ORDER BY lb.balance_after DESC
LIMIT 100;
2026-08-19 17:17:20,391 | INFO  | SBA  | execute_sql          | SQL execution completed | row_count=2
2026-08-19 17:17:20,392 | INFO  | SBA  | process_natural_language_query | Natural-language SQL pipeline completed | success=True | row_count=2
2026-08-19 17:17:20,393 | INFO  | SBA  | sql_node             | SQL processing completed | row_count=2
2026-08-19 17:17:20,396 | INFO  | SBA  | merge_node           | Merge node started | route=sql
2026-08-19 17:17:20,397 | INFO  | SBA  | merge_node           | SQL merge state sources=[{'source_type': 'database', 'source_name': 'NorthStar Bank Customer Database'}]
2026-08-19 17:17:20,397 | INFO  | SBA  | merge_node           | Merge completed | route=sql
2026-08-19 17:17:20,602 | INFO  | SBA  | event_generator      | Streaming route selected | route=sql
2026-08-19 17:17:37,280 | INFO  | SBA  | stream_query         | ============================================================
2026-08-19 17:17:37,280 | INFO  | SBA  | stream_query         | Streaming query received | query=can you give me mobile number of Sarah Thompson
2026-08-19 17:17:37,282 | INFO  | SBA  | stream_query         | ============================================================
2026-08-19 17:17:39,787 | INFO  | SBA  | process_natural_language_query | Natural-language SQL pipeline started
2026-08-19 17:17:39,788 | INFO  | SBA  | generate_sql         | SQL generation started
2026-08-19 17:17:41,595 | INFO  | SBA  | generate_sql         | SQL generation completed :SELECT
    customer_name,
    mobile
FROM accounts
WHERE customer_name = 'Sarah Thompson'
LIMIT 100;
2026-08-19 17:17:41,596 | INFO  | SBA  | process_natural_language_query | Generated SQL passed validation
2026-08-19 17:17:41,598 | INFO  | SBA  | execute_sql          | SQL execution started :SELECT
    customer_name,
    mobile
FROM accounts
WHERE customer_name = 'Sarah Thompson'
LIMIT 100;
2026-08-19 17:17:41,643 | INFO  | SBA  | execute_sql          | SQL execution completed | row_count=1
2026-08-19 17:17:41,644 | INFO  | SBA  | process_natural_language_query | Natural-language SQL pipeline completed | success=True | row_count=1
2026-08-19 17:17:41,645 | INFO  | SBA  | sql_node             | SQL processing completed | row_count=1
2026-08-19 17:17:41,649 | INFO  | SBA  | merge_node           | Merge node started | route=sql
2026-08-19 17:17:41,650 | INFO  | SBA  | merge_node           | SQL merge state sources=[{'source_type': 'database', 'source_name': 'NorthStar Bank Customer Database'}]
2026-08-19 17:17:41,650 | INFO  | SBA  | merge_node           | Merge completed | route=sql
2026-08-19 17:17:41,860 | INFO  | SBA  | event_generator      | Streaming route selected | route=sql
2026-08-19 17:18:01,573 | INFO  | SBA  | stream_query         | ============================================================
2026-08-19 17:18:01,573 | INFO  | SBA  | stream_query         | Streaming query received | query=email id pls
2026-08-19 17:18:01,575 | INFO  | SBA  | stream_query         | ============================================================
2026-08-19 17:18:05,129 | INFO  | SBA  | rag_node             | RAG processing started
2026-08-19 17:18:05,130 | INFO  | SBA  | hybrid_reranked_search | Hybrid reranked search started 
2026-08-19 17:18:05,131 | INFO  | SBA  | hybrid_search        | Hybrid search started 
2026-08-19 17:18:05,132 | INFO  | SBA  | vector_search        | Vector search started | top_k=20
2026-08-19 17:18:05,628 | INFO  | SBA  | vector_search        | Vector search completed | result_count=20
2026-08-19 17:18:05,628 | INFO  | SBA  | fts_search           | FTS search started | top_k=20
2026-08-19 17:18:05,664 | INFO  | SBA  | fts_search           | FTS search completed | result_count=0
2026-08-19 17:18:05,664 | INFO  | SBA  | rrf_fusion           | RRF fusion completed 
2026-08-19 17:18:05,666 | INFO  | SBA  | hybrid_search        | Hybrid search completed | vector=20 | fts=0 | rrf_results=20
2026-08-19 17:18:06,058 | INFO  | SBA  | is_retrieval_relevant | Re-Ranking Bes scrore :0.050917413 >= 0.3
2026-08-19 17:18:06,058 | INFO  | SBA  | _generate_rag_answer | RAG answer generation started
2026-08-19 17:18:09,221 | INFO  | SBA  | _generate_rag_answer | RAG answer generation completed
2026-08-19 17:18:09,221 | INFO  | SBA  | answer_rag_query     | RAG query completed
2026-08-19 17:18:09,223 | INFO  | SBA  | rag_node             | RAG processing completed 
2026-08-19 17:18:09,225 | INFO  | SBA  | decide_rag_retry     | RAG retry requested 
2026-08-19 17:18:09,228 | INFO  | SBA  | rephrase_query_node  | RAG query rephrase started 
2026-08-19 17:18:09,230 | INFO  | SBA  | rewrite_query        | Query rewrite started
2026-08-19 17:18:13,058 | INFO  | SBA  | rewrite_query        | Query rewrite completed | result_length=37
2026-08-19 17:18:13,058 | INFO  | SBA  | rephrase_query_node  | ============================================================
2026-08-19 17:18:13,060 | INFO  | SBA  | rephrase_query_node  |    Rewritten_query :Nodal Officer email id Northstar Bank
2026-08-19 17:18:13,060 | INFO  | SBA  | rephrase_query_node  | ============================================================
2026-08-19 17:18:13,064 | INFO  | SBA  | rag_node             | RAG processing started
2026-08-19 17:18:13,065 | INFO  | SBA  | hybrid_reranked_search | Hybrid reranked search started 
2026-08-19 17:18:13,065 | INFO  | SBA  | hybrid_search        | Hybrid search started 
2026-08-19 17:18:13,065 | INFO  | SBA  | vector_search        | Vector search started | top_k=20
2026-08-19 17:18:13,516 | INFO  | SBA  | vector_search        | Vector search completed | result_count=20
2026-08-19 17:18:13,516 | INFO  | SBA  | fts_search           | FTS search started | top_k=20
2026-08-19 17:18:13,560 | INFO  | SBA  | fts_search           | FTS search completed | result_count=17
2026-08-19 17:18:13,561 | INFO  | SBA  | rrf_fusion           | RRF fusion completed 
2026-08-19 17:18:13,562 | INFO  | SBA  | hybrid_search        | Hybrid search completed | vector=20 | fts=17 | rrf_results=20
2026-08-19 17:18:13,936 | INFO  | SBA  | is_retrieval_relevant | Re-Ranking Bes scrore :0.79369855 >= 0.3
2026-08-19 17:18:13,937 | INFO  | SBA  | _generate_rag_answer | RAG answer generation started
2026-08-19 17:18:15,242 | INFO  | SBA  | _generate_rag_answer | RAG answer generation completed
2026-08-19 17:18:15,242 | INFO  | SBA  | answer_rag_query     | RAG query completed
2026-08-19 17:18:15,243 | INFO  | SBA  | rag_node             | RAG processing completed 
2026-08-19 17:18:15,249 | INFO  | SBA  | merge_node           | Merge node started | route=rag
2026-08-19 17:18:15,249 | INFO  | SBA  | merge_node           | Merge completed | route=rag
2026-08-19 17:18:15,467 | INFO  | SBA  | event_generator      | Streaming route selected | route=rag
2026-08-19 17:18:15,467 | INFO  | SBA  | event_generator      | Starting RAG token streaming
2026-08-19 17:18:15,469 | INFO  | SBA  | stream_rag_answer    | Streaming RAG query started
2026-08-19 17:18:15,469 | INFO  | SBA  | stream_rag_answer    | Streaming RAG retrieval completed 
2026-08-19 17:18:17,808 | INFO  | SBA  | stream_rag_answer    | Streaming token started
2026-08-19 17:18:17,815 | INFO  | SBA  | stream_rag_answer    | Streaming token | For
2026-08-19 17:18:17,816 | INFO  | SBA  | stream_rag_answer    | Streaming token |  Level
2026-08-19 17:18:17,855 | INFO  | SBA  | stream_rag_answer    | Streaming token |  
2026-08-19 17:18:17,857 | INFO  | SBA  | stream_rag_answer    | Streaming token | 2
2026-08-19 17:18:17,859 | INFO  | SBA  | stream_rag_answer    | Streaming token |  grievance
2026-08-19 17:18:17,860 | INFO  | SBA  | stream_rag_answer    | Streaming token |  red
2026-08-19 17:18:17,861 | INFO  | SBA  | stream_rag_answer    | Streaming token | ress
2026-08-19 17:18:17,862 | INFO  | SBA  | stream_rag_answer    | Streaming token | al
2026-08-19 17:18:17,920 | INFO  | SBA  | stream_rag_answer    | Streaming token | ,
2026-08-19 17:18:17,921 | INFO  | SBA  | stream_rag_answer    | Streaming token |  North
2026-08-19 17:18:17,988 | INFO  | SBA  | stream_rag_answer    | Streaming token | Star
2026-08-19 17:18:17,990 | INFO  | SBA  | stream_rag_answer    | Streaming token |  Bank
2026-08-19 17:18:17,998 | INFO  | SBA  | stream_rag_answer    | Streaming token | ’s
2026-08-19 17:18:17,999 | INFO  | SBA  | stream_rag_answer    | Streaming token |  N
2026-08-19 17:18:18,039 | INFO  | SBA  | stream_rag_answer    | Streaming token | odal
2026-08-19 17:18:18,057 | INFO  | SBA  | stream_rag_answer    | Streaming token |  Officer
2026-08-19 17:18:18,059 | INFO  | SBA  | stream_rag_answer    | Streaming token |  email
2026-08-19 17:18:18,060 | INFO  | SBA  | stream_rag_answer    | Streaming token |  ID
2026-08-19 17:18:18,064 | INFO  | SBA  | stream_rag_answer    | Streaming token |  is
2026-08-19 17:18:18,065 | INFO  | SBA  | stream_rag_answer    | Streaming token | :


2026-08-19 17:18:18,066 | INFO  | SBA  | stream_rag_answer    | Streaming token | **
2026-08-19 17:18:18,067 | INFO  | SBA  | stream_rag_answer    | Streaming token | nod
2026-08-19 17:18:18,099 | INFO  | SBA  | stream_rag_answer    | Streaming token | al
2026-08-19 17:18:18,101 | INFO  | SBA  | stream_rag_answer    | Streaming token | .off
2026-08-19 17:18:18,102 | INFO  | SBA  | stream_rag_answer    | Streaming token | icer
2026-08-19 17:18:18,103 | INFO  | SBA  | stream_rag_answer    | Streaming token | @
2026-08-19 17:18:18,105 | INFO  | SBA  | stream_rag_answer    | Streaming token | north
2026-08-19 17:18:18,106 | INFO  | SBA  | stream_rag_answer    | Streaming token | star
2026-08-19 17:18:18,109 | INFO  | SBA  | stream_rag_answer    | Streaming token | bank
2026-08-19 17:18:18,110 | INFO  | SBA  | stream_rag_answer    | Streaming token | .in
2026-08-19 17:18:18,160 | INFO  | SBA  | stream_rag_answer    | Streaming token | **


2026-08-19 17:18:18,161 | INFO  | SBA  | stream_rag_answer    | Streaming token | If
2026-08-19 17:18:18,177 | INFO  | SBA  | stream_rag_answer    | Streaming token |  you
2026-08-19 17:18:18,178 | INFO  | SBA  | stream_rag_answer    | Streaming token |  need
2026-08-19 17:18:18,229 | INFO  | SBA  | stream_rag_answer    | Streaming token |  an
2026-08-19 17:18:18,231 | INFO  | SBA  | stream_rag_answer    | Streaming token |  email
2026-08-19 17:18:18,340 | INFO  | SBA  | stream_rag_answer    | Streaming token |  ID
2026-08-19 17:18:18,341 | INFO  | SBA  | stream_rag_answer    | Streaming token |  for
2026-08-19 17:18:18,404 | INFO  | SBA  | stream_rag_answer    | Streaming token |  a
2026-08-19 17:18:18,405 | INFO  | SBA  | stream_rag_answer    | Streaming token |  specific
2026-08-19 17:18:18,407 | INFO  | SBA  | stream_rag_answer    | Streaming token |  department
2026-08-19 17:18:18,408 | INFO  | SBA  | stream_rag_answer    | Streaming token |  or
2026-08-19 17:18:18,415 | INFO  | SBA  | stream_rag_answer    | Streaming token |  service
2026-08-19 17:18:18,416 | INFO  | SBA  | stream_rag_answer    | Streaming token | ,
2026-08-19 17:18:18,421 | INFO  | SBA  | stream_rag_answer    | Streaming token |  please
2026-08-19 17:18:18,422 | INFO  | SBA  | stream_rag_answer    | Streaming token |  let
2026-08-19 17:18:18,475 | INFO  | SBA  | stream_rag_answer    | Streaming token |  me
2026-08-19 17:18:18,476 | INFO  | SBA  | stream_rag_answer    | Streaming token |  know
2026-08-19 17:18:18,494 | INFO  | SBA  | stream_rag_answer    | Streaming token | .
2026-08-19 17:18:18,505 | INFO  | SBA  | stream_rag_answer    | Streaming RAG query completed 
2026-08-19 17:18:47,287 | INFO  | SBA  | stream_query         | ============================================================
2026-08-19 17:18:47,287 | INFO  | SBA  | stream_query         | Streaming query received | query=give me email id of Sarah Thompson.
2026-08-19 17:18:47,288 | INFO  | SBA  | stream_query         | ============================================================
2026-08-19 17:18:49,117 | INFO  | SBA  | process_natural_language_query | Natural-language SQL pipeline started
2026-08-19 17:18:49,118 | INFO  | SBA  | generate_sql         | SQL generation started
2026-08-19 17:18:51,585 | INFO  | SBA  | generate_sql         | SQL generation completed :SELECT
    customer_name,
    email
FROM accounts
WHERE customer_name = 'Sarah Thompson'
LIMIT 100;
2026-08-19 17:18:51,586 | INFO  | SBA  | process_natural_language_query | Generated SQL passed validation
2026-08-19 17:18:51,587 | INFO  | SBA  | execute_sql          | SQL execution started :SELECT
    customer_name,
    email
FROM accounts
WHERE customer_name = 'Sarah Thompson'
LIMIT 100;
2026-08-19 17:18:51,631 | INFO  | SBA  | execute_sql          | SQL execution completed | row_count=1
2026-08-19 17:18:51,632 | INFO  | SBA  | process_natural_language_query | Natural-language SQL pipeline completed | success=True | row_count=1
2026-08-19 17:18:51,633 | INFO  | SBA  | sql_node             | SQL processing completed | row_count=1
2026-08-19 17:18:51,636 | INFO  | SBA  | merge_node           | Merge node started | route=sql
2026-08-19 17:18:51,636 | INFO  | SBA  | merge_node           | SQL merge state sources=[{'source_type': 'database', 'source_name': 'NorthStar Bank Customer Database'}]
2026-08-19 17:18:51,637 | INFO  | SBA  | merge_node           | Merge completed | route=sql
2026-08-19 17:18:51,843 | INFO  | SBA  | event_generator      | Streaming route selected | route=sql
2026-08-19 19:13:07,427 | INFO  | SBA  | stream_query         | ============================================================
2026-08-19 19:13:07,427 | INFO  | SBA  | stream_query         | Streaming query received | query=HI
2026-08-19 19:13:07,428 | INFO  | SBA  | stream_query         | ============================================================
2026-08-19 19:13:07,879 | INFO  | SBA  | event_generator      | Streaming route selected | route=small_talks
2026-08-19 19:13:13,893 | INFO  | SBA  | stream_query         | ============================================================
2026-08-19 19:13:13,894 | INFO  | SBA  | stream_query         | Streaming query received | query=How are you doing?
2026-08-19 19:13:13,895 | INFO  | SBA  | stream_query         | ============================================================
2026-08-19 19:13:14,251 | INFO  | SBA  | event_generator      | Streaming route selected | route=small_talks
2026-08-19 19:13:22,519 | INFO  | SBA  | stream_query         | ============================================================
2026-08-19 19:13:22,519 | INFO  | SBA  | stream_query         | Streaming query received | query=what can you do ?
2026-08-19 19:13:22,520 | INFO  | SBA  | stream_query         | ============================================================
2026-08-19 19:13:22,886 | INFO  | SBA  | event_generator      | Streaming route selected | route=small_talks
2026-08-19 19:13:39,100 | INFO  | SBA  | stream_query         | ============================================================
2026-08-19 19:13:39,100 | INFO  | SBA  | stream_query         | Streaming query received | query=my fav numbre is 33
2026-08-19 19:13:39,101 | INFO  | SBA  | stream_query         | ============================================================
2026-08-19 19:13:41,951 | ERROR | SBA  | classify_query       | Intent classifier failed
Traceback (most recent call last):
  File "c:\agentic_ai_course\smart-banking-assistant\src\agents\nodes.py", line 722, in classify_query
    raise ValueError("Intent classifier returned an empty response.")
ValueError: Intent classifier returned an empty response.
2026-08-19 19:13:42,151 | INFO  | SBA  | event_generator      | Streaming route selected | route=small_talks
2026-08-19 19:13:46,489 | INFO  | SBA  | stream_query         | ============================================================
2026-08-19 19:13:46,490 | INFO  | SBA  | stream_query         | Streaming query received | query=my name is john
2026-08-19 19:13:46,491 | INFO  | SBA  | stream_query         | ============================================================
2026-08-19 19:13:49,340 | ERROR | SBA  | classify_query       | Intent classifier failed
Traceback (most recent call last):
  File "c:\agentic_ai_course\smart-banking-assistant\src\agents\nodes.py", line 722, in classify_query
    raise ValueError("Intent classifier returned an empty response.")
ValueError: Intent classifier returned an empty response.
2026-08-19 19:13:49,551 | INFO  | SBA  | event_generator      | Streaming route selected | route=small_talks
2026-08-19 19:13:57,008 | INFO  | SBA  | stream_query         | ============================================================
2026-08-19 19:13:57,008 | INFO  | SBA  | stream_query         | Streaming query received | query=my son name is Aarav
2026-08-19 19:13:57,010 | INFO  | SBA  | stream_query         | ============================================================
2026-08-19 19:13:59,248 | INFO  | SBA  | event_generator      | Streaming route selected | route=small_talks
2026-08-19 19:14:11,129 | INFO  | SBA  | stream_query         | ============================================================
2026-08-19 19:14:11,129 | INFO  | SBA  | stream_query         | Streaming query received | query=summarize my chat history
2026-08-19 19:14:11,130 | INFO  | SBA  | stream_query         | ============================================================
2026-08-19 19:14:11,148 | INFO  | SBA  | answer_from_conversation_memory | Conversation memory retrieved | message_count=13
2026-08-19 19:14:13,147 | INFO  | SBA  | event_generator      | Streaming route selected | route=memory
2026-08-19 19:14:44,882 | INFO  | SBA  | stream_query         | ============================================================
2026-08-19 19:14:44,882 | INFO  | SBA  | stream_query         | Streaming query received | query=Hi . My name is vinod 
2026-08-19 19:14:44,883 | INFO  | SBA  | stream_query         | ============================================================
2026-08-19 19:14:47,094 | INFO  | SBA  | event_generator      | Streaming route selected | route=small_talks
2026-08-19 19:15:04,649 | INFO  | SBA  | stream_query         | ============================================================
2026-08-19 19:15:04,649 | INFO  | SBA  | stream_query         | Streaming query received | query=Can you give me recipe of chicken curry ? 
2026-08-19 19:15:04,651 | INFO  | SBA  | stream_query         | ============================================================
2026-08-19 19:15:06,827 | INFO  | SBA  | event_generator      | Streaming route selected | route=small_talks
2026-08-19 19:15:19,907 | INFO  | SBA  | stream_query         | ============================================================
2026-08-19 19:15:19,907 | INFO  | SBA  | stream_query         | Streaming query received | query=my fav number is 33
2026-08-19 19:15:19,908 | INFO  | SBA  | stream_query         | ============================================================
2026-08-19 19:15:22,573 | INFO  | SBA  | event_generator      | Streaming route selected | route=small_talks
2026-08-19 19:15:28,580 | INFO  | SBA  | stream_query         | ============================================================
2026-08-19 19:15:28,580 | INFO  | SBA  | stream_query         | Streaming query received | query=my name is John
2026-08-19 19:15:28,582 | INFO  | SBA  | stream_query         | ============================================================
2026-08-19 19:15:30,549 | INFO  | SBA  | event_generator      | Streaming route selected | route=small_talks
2026-08-19 19:15:49,050 | INFO  | SBA  | stream_query         | ============================================================
2026-08-19 19:15:49,051 | INFO  | SBA  | stream_query         | Streaming query received | query=provide summary of this chat history 
2026-08-19 19:15:49,052 | INFO  | SBA  | stream_query         | ============================================================
2026-08-19 19:15:49,061 | INFO  | SBA  | answer_from_conversation_memory | Conversation memory retrieved | message_count=9
2026-08-19 19:15:51,638 | INFO  | SBA  | event_generator      | Streaming route selected | route=memory
2026-08-19 19:19:30,934 | INFO  | SBA  | stream_query         | ============================================================
2026-08-19 19:19:30,935 | INFO  | SBA  | stream_query         | Streaming query received | query=Hi
2026-08-19 19:19:30,936 | INFO  | SBA  | stream_query         | ============================================================
2026-08-19 19:19:31,341 | INFO  | SBA  | event_generator      | Streaming route selected | route=small_talks
2026-08-19 19:20:23,863 | INFO  | SBA  | stream_query         | ============================================================
2026-08-19 19:20:23,863 | INFO  | SBA  | stream_query         | Streaming query received | query=What is personal loan processing fee?
2026-08-19 19:20:23,864 | INFO  | SBA  | stream_query         | ============================================================
2026-08-19 19:20:26,860 | INFO  | SBA  | rag_node             | RAG processing started
2026-08-19 19:20:26,861 | INFO  | SBA  | hybrid_reranked_search | Hybrid reranked search started 
2026-08-19 19:20:26,862 | INFO  | SBA  | hybrid_search        | Hybrid search started 
2026-08-19 19:20:26,863 | INFO  | SBA  | vector_search        | Vector search started | top_k=20
2026-08-19 19:20:27,335 | INFO  | SBA  | vector_search        | Vector search completed | result_count=20
2026-08-19 19:20:27,336 | INFO  | SBA  | fts_search           | FTS search started | top_k=20
2026-08-19 19:20:27,377 | INFO  | SBA  | fts_search           | FTS search completed | result_count=20
2026-08-19 19:20:27,378 | INFO  | SBA  | rrf_fusion           | RRF fusion completed 
2026-08-19 19:20:27,379 | INFO  | SBA  | hybrid_search        | Hybrid search completed | vector=20 | fts=20 | rrf_results=20
2026-08-19 19:20:28,121 | INFO  | SBA  | is_retrieval_relevant | Re-Ranking Bes scrore :0.47913864 >= 0.3
2026-08-19 19:20:28,121 | INFO  | SBA  | _generate_rag_answer | RAG answer generation started
2026-08-19 19:20:30,943 | INFO  | SBA  | _generate_rag_answer | RAG answer generation completed
2026-08-19 19:20:30,944 | INFO  | SBA  | answer_rag_query     | RAG query completed
2026-08-19 19:20:30,945 | INFO  | SBA  | rag_node             | RAG processing completed 
2026-08-19 19:20:30,950 | INFO  | SBA  | merge_node           | Merge node started | route=rag
2026-08-19 19:20:30,950 | INFO  | SBA  | merge_node           | Merge completed | route=rag
2026-08-19 19:20:31,162 | INFO  | SBA  | event_generator      | Streaming route selected | route=rag
2026-08-19 19:20:31,163 | INFO  | SBA  | event_generator      | Starting RAG token streaming
2026-08-19 19:20:31,165 | INFO  | SBA  | stream_rag_answer    | Streaming RAG query started
2026-08-19 19:20:31,165 | INFO  | SBA  | stream_rag_answer    | Streaming RAG retrieval completed 
2026-08-19 19:20:32,933 | INFO  | SBA  | stream_rag_answer    | Streaming token started
2026-08-19 19:20:33,439 | INFO  | SBA  | stream_rag_answer    | Streaming RAG query completed 
2026-08-19 19:20:49,891 | INFO  | SBA  | stream_query         | ============================================================
2026-08-19 19:20:49,891 | INFO  | SBA  | stream_query         | Streaming query received | query=My fav number is 33
2026-08-19 19:20:49,893 | INFO  | SBA  | stream_query         | ============================================================
2026-08-19 19:20:52,100 | INFO  | SBA  | event_generator      | Streaming route selected | route=small_talks
2026-08-19 19:20:56,316 | INFO  | SBA  | stream_query         | ============================================================
2026-08-19 19:20:56,317 | INFO  | SBA  | stream_query         | Streaming query received | query=Summarize my previous questions
2026-08-19 19:20:56,318 | INFO  | SBA  | stream_query         | ============================================================
2026-08-19 19:20:56,326 | INFO  | SBA  | answer_from_conversation_memory | Conversation memory retrieved | message_count=7
2026-08-19 19:20:58,298 | INFO  | SBA  | event_generator      | Streaming route selected | route=memory
2026-08-19 19:35:30,091 | INFO  | SBA  | stream_query         | ============================================================
2026-08-19 19:35:30,091 | INFO  | SBA  | stream_query         | Streaming query received | query=Hi
2026-08-19 19:35:30,093 | INFO  | SBA  | stream_query         | ============================================================
2026-08-19 19:35:30,165 | INFO  | SBA  | memory_node          | MEMORY DEBUG | message_count=9
2026-08-19 19:35:30,165 | INFO  | SBA  | memory_node          | MEMORY DEBUG | HumanMessage : Hi
2026-08-19 19:35:30,166 | INFO  | SBA  | memory_node          | MEMORY DEBUG | AIMessage : Hello! Welcome to NorthStar Bank Smart Assistant. How can I help you today?
2026-08-19 19:35:30,167 | INFO  | SBA  | memory_node          | MEMORY DEBUG | HumanMessage : What is personal loan processing fee?
2026-08-19 19:35:30,168 | INFO  | SBA  | memory_node          | MEMORY DEBUG | AIMessage : NorthStar Bank’s **Personal Loan processing fee** is:

| Charge | Amount |
|---|---|
| Processing Fee | **1.00% – 2.00% of the loan amount** |
| Minimum Fee | **Rs. 2,000** |
2026-08-19 19:35:30,168 | INFO  | SBA  | memory_node          | MEMORY DEBUG | HumanMessage : My fav number is 33
2026-08-19 19:35:30,531 | INFO  | SBA  | memory_node          | MEMORY DEBUG | HumanMessage : Summarize my previous questions
2026-08-19 19:35:30,531 | INFO  | SBA  | memory_node          | MEMORY DEBUG | AIMessage : I couldn't find that information in our previous conversation.
2026-08-19 19:35:30,532 | INFO  | SBA  | memory_node          | MEMORY DEBUG | HumanMessage : Hi
2026-08-19 19:35:30,733 | INFO  | SBA  | event_generator      | Streaming route selected | route=small_talks
2026-08-19 19:35:47,381 | INFO  | SBA  | stream_query         | ============================================================
2026-08-19 19:35:47,382 | INFO  | SBA  | stream_query         | Streaming query received | query=Hi
2026-08-19 19:35:47,383 | INFO  | SBA  | stream_query         | ============================================================
2026-08-19 19:35:47,391 | INFO  | SBA  | memory_node          | MEMORY DEBUG | message_count=1
2026-08-19 19:35:47,391 | INFO  | SBA  | memory_node          | MEMORY DEBUG | HumanMessage : Hi
2026-08-19 19:35:47,732 | INFO  | SBA  | event_generator      | Streaming route selected | route=small_talks
2026-08-19 19:35:51,421 | INFO  | SBA  | stream_query         | ============================================================
2026-08-19 19:35:51,421 | INFO  | SBA  | stream_query         | Streaming query received | query=What is personal loan processing fee?
2026-08-19 19:35:51,423 | INFO  | SBA  | stream_query         | ============================================================
2026-08-19 19:35:51,431 | INFO  | SBA  | memory_node          | MEMORY DEBUG | message_count=3
2026-08-19 19:35:51,432 | INFO  | SBA  | memory_node          | MEMORY DEBUG | HumanMessage : Hi
2026-08-19 19:35:51,433 | INFO  | SBA  | memory_node          | MEMORY DEBUG | AIMessage : Hello! Welcome to NorthStar Bank Smart Assistant. How can I help you today?
2026-08-19 19:35:51,433 | INFO  | SBA  | memory_node          | MEMORY DEBUG | HumanMessage : What is personal loan processing fee?
2026-08-19 19:35:53,202 | INFO  | SBA  | rag_node             | RAG processing started
2026-08-19 19:35:53,204 | INFO  | SBA  | hybrid_reranked_search | Hybrid reranked search started 
2026-08-19 19:35:53,205 | INFO  | SBA  | hybrid_search        | Hybrid search started 
2026-08-19 19:35:53,206 | INFO  | SBA  | vector_search        | Vector search started | top_k=20
2026-08-19 19:35:53,900 | INFO  | SBA  | vector_search        | Vector search completed | result_count=20
2026-08-19 19:35:53,901 | INFO  | SBA  | fts_search           | FTS search started | top_k=20
2026-08-19 19:35:53,959 | INFO  | SBA  | fts_search           | FTS search completed | result_count=20
2026-08-19 19:35:53,966 | INFO  | SBA  | rrf_fusion           | RRF fusion completed 
2026-08-19 19:35:53,969 | INFO  | SBA  | hybrid_search        | Hybrid search completed | vector=20 | fts=20 | rrf_results=20
2026-08-19 19:35:54,595 | INFO  | SBA  | is_retrieval_relevant | Re-Ranking Bes scrore :0.47899243 >= 0.3
2026-08-19 19:35:54,595 | INFO  | SBA  | _generate_rag_answer | RAG answer generation started
2026-08-19 19:35:57,624 | INFO  | SBA  | _generate_rag_answer | RAG answer generation completed
2026-08-19 19:35:57,625 | INFO  | SBA  | answer_rag_query     | RAG query completed
2026-08-19 19:35:57,626 | INFO  | SBA  | rag_node             | RAG processing completed 
2026-08-19 19:35:57,632 | INFO  | SBA  | merge_node           | Merge node started | route=rag
2026-08-19 19:35:57,633 | INFO  | SBA  | merge_node           | Merge completed | route=rag
2026-08-19 19:35:57,837 | INFO  | SBA  | event_generator      | Streaming route selected | route=rag
2026-08-19 19:35:57,837 | INFO  | SBA  | event_generator      | Starting RAG token streaming
2026-08-19 19:35:57,840 | INFO  | SBA  | stream_rag_answer    | Streaming RAG query started
2026-08-19 19:35:57,840 | INFO  | SBA  | stream_rag_answer    | Streaming RAG retrieval completed 
2026-08-19 19:36:00,228 | INFO  | SBA  | stream_rag_answer    | Streaming token started
2026-08-19 19:36:00,623 | INFO  | SBA  | stream_rag_answer    | Streaming RAG query completed 
2026-08-19 19:36:04,881 | INFO  | SBA  | stream_query         | ============================================================
2026-08-19 19:36:04,882 | INFO  | SBA  | stream_query         | Streaming query received | query=My fav number is 33
2026-08-19 19:36:04,883 | INFO  | SBA  | stream_query         | ============================================================
2026-08-19 19:36:04,903 | INFO  | SBA  | memory_node          | MEMORY DEBUG | message_count=5
2026-08-19 19:36:04,904 | INFO  | SBA  | memory_node          | MEMORY DEBUG | HumanMessage : Hi
2026-08-19 19:36:04,905 | INFO  | SBA  | memory_node          | MEMORY DEBUG | AIMessage : Hello! Welcome to NorthStar Bank Smart Assistant. How can I help you today?
2026-08-19 19:36:04,906 | INFO  | SBA  | memory_node          | MEMORY DEBUG | HumanMessage : What is personal loan processing fee?
2026-08-19 19:36:04,907 | INFO  | SBA  | memory_node          | MEMORY DEBUG | AIMessage : For a **NorthStar Bank Personal Loan**, the **processing fee is 1.00% to 2.00% of the loan amount**, with a **minimum fee of Rs. 2,000**.
2026-08-19 19:36:04,907 | INFO  | SBA  | memory_node          | MEMORY DEBUG | HumanMessage : My fav number is 33
2026-08-19 19:36:07,793 | INFO  | SBA  | event_generator      | Streaming route selected | route=small_talks
2026-08-19 19:36:16,207 | INFO  | SBA  | stream_query         | ============================================================
2026-08-19 19:36:16,208 | INFO  | SBA  | stream_query         | Streaming query received | query=Summarize my previous questions
2026-08-19 19:36:16,209 | INFO  | SBA  | stream_query         | ============================================================
2026-08-19 19:36:16,219 | INFO  | SBA  | memory_node          | MEMORY DEBUG | message_count=7
2026-08-19 19:36:16,219 | INFO  | SBA  | memory_node          | MEMORY DEBUG | HumanMessage : Hi
2026-08-19 19:36:16,220 | INFO  | SBA  | memory_node          | MEMORY DEBUG | AIMessage : Hello! Welcome to NorthStar Bank Smart Assistant. How can I help you today?
2026-08-19 19:36:16,220 | INFO  | SBA  | memory_node          | MEMORY DEBUG | HumanMessage : What is personal loan processing fee?
2026-08-19 19:36:16,221 | INFO  | SBA  | memory_node          | MEMORY DEBUG | AIMessage : For a **NorthStar Bank Personal Loan**, the **processing fee is 1.00% to 2.00% of the loan amount**, with a **minimum fee of Rs. 2,000**.
2026-08-19 19:36:16,221 | INFO  | SBA  | memory_node          | MEMORY DEBUG | HumanMessage : My fav number is 33
2026-08-19 19:36:16,233 | INFO  | SBA  | memory_node          | MEMORY DEBUG | HumanMessage : Summarize my previous questions
2026-08-19 19:36:16,233 | INFO  | SBA  | answer_from_conversation_memory | Conversation memory retrieved | message_count=7
2026-08-19 19:36:18,814 | INFO  | SBA  | event_generator      | Streaming route selected | route=memory
2026-08-19 19:43:13,587 | INFO  | SBA  | stream_query         | ============================================================
2026-08-19 19:43:13,587 | INFO  | SBA  | stream_query         | ============================================================
2026-08-19 19:43:13,587 | INFO  | SBA  | stream_query         | Streaming query received | query=summarize my chat
2026-08-19 19:43:13,588 | INFO  | SBA  | stream_query         | Streaming query received | query=my fav number is 33
2026-08-19 19:43:13,588 | INFO  | SBA  | stream_query         | ============================================================
2026-08-19 19:43:13,589 | INFO  | SBA  | stream_query         | ============================================================
2026-08-19 19:43:13,589 | INFO  | SBA  | stream_query         | ============================================================
2026-08-19 19:43:13,592 | INFO  | SBA  | stream_query         | Streaming query received | query=Hi 
2026-08-19 19:43:13,593 | INFO  | SBA  | stream_query         | ============================================================
2026-08-19 19:43:13,594 | INFO  | SBA  | stream_query         | Streaming query received | query=my name is vinod
2026-08-19 19:43:13,594 | INFO  | SBA  | stream_query         | ============================================================
2026-08-19 19:43:13,596 | INFO  | SBA  | stream_query         | ============================================================
2026-08-19 19:43:13,920 | INFO  | SBA  | memory_node          | MEMORY DEBUG | message_count=1
2026-08-19 19:43:13,921 | INFO  | SBA  | memory_node          | MEMORY DEBUG | HumanMessage : my name is vinod
2026-08-19 19:43:13,941 | INFO  | SBA  | memory_node          | MEMORY DEBUG | message_count=1
2026-08-19 19:43:13,942 | INFO  | SBA  | memory_node          | MEMORY DEBUG | HumanMessage : my fav number is 33
2026-08-19 19:43:13,944 | INFO  | SBA  | memory_node          | MEMORY DEBUG | message_count=1
2026-08-19 19:43:13,944 | INFO  | SBA  | memory_node          | MEMORY DEBUG | HumanMessage : summarize my chat
2026-08-19 19:43:13,945 | INFO  | SBA  | answer_from_conversation_memory | Conversation memory retrieved | message_count=1
2026-08-19 19:43:13,950 | INFO  | SBA  | memory_node          | MEMORY DEBUG | message_count=1
2026-08-19 19:43:13,951 | INFO  | SBA  | memory_node          | MEMORY DEBUG | HumanMessage : Hi 
2026-08-19 19:43:15,297 | INFO  | SBA  | event_generator      | Streaming route selected | route=small_talks
2026-08-19 19:43:15,995 | INFO  | SBA  | event_generator      | Streaming route selected | route=memory
2026-08-19 19:43:16,672 | INFO  | SBA  | event_generator      | Streaming route selected | route=small_talks
2026-08-19 19:43:16,956 | ERROR | SBA  | classify_query       | Intent classifier failed
Traceback (most recent call last):
  File "c:\agentic_ai_course\smart-banking-assistant\src\agents\nodes.py", line 722, in classify_query
    raise ValueError("Intent classifier returned an empty response.")
ValueError: Intent classifier returned an empty response.
2026-08-19 19:43:17,167 | INFO  | SBA  | event_generator      | Streaming route selected | route=small_talks
2026-08-19 19:43:58,604 | INFO  | SBA  | stream_query         | ============================================================
2026-08-19 19:43:58,604 | INFO  | SBA  | stream_query         | Streaming query received | query=Hi 
2026-08-19 19:43:58,608 | INFO  | SBA  | stream_query         | ============================================================
2026-08-19 19:43:58,617 | INFO  | SBA  | memory_node          | MEMORY DEBUG | message_count=1
2026-08-19 19:43:58,618 | INFO  | SBA  | memory_node          | MEMORY DEBUG | HumanMessage : Hi 
2026-08-19 19:43:59,000 | INFO  | SBA  | event_generator      | Streaming route selected | route=small_talks
2026-08-19 19:44:04,347 | INFO  | SBA  | stream_query         | ============================================================
2026-08-19 19:44:04,347 | INFO  | SBA  | stream_query         | Streaming query received | query=How are you doing ? 
2026-08-19 19:44:04,348 | INFO  | SBA  | stream_query         | ============================================================
2026-08-19 19:44:04,356 | INFO  | SBA  | memory_node          | MEMORY DEBUG | message_count=3
2026-08-19 19:44:04,357 | INFO  | SBA  | memory_node          | MEMORY DEBUG | HumanMessage : Hi 
2026-08-19 19:44:04,358 | INFO  | SBA  | memory_node          | MEMORY DEBUG | AIMessage : Hello! Welcome to NorthStar Bank Smart Assistant. How can I help you today?
2026-08-19 19:44:04,358 | INFO  | SBA  | memory_node          | MEMORY DEBUG | HumanMessage : How are you doing ? 
2026-08-19 19:44:04,723 | INFO  | SBA  | event_generator      | Streaming route selected | route=small_talks
2026-08-19 19:44:08,700 | INFO  | SBA  | stream_query         | ============================================================
2026-08-19 19:44:08,700 | INFO  | SBA  | stream_query         | Streaming query received | query=my name is John
2026-08-19 19:44:08,702 | INFO  | SBA  | stream_query         | ============================================================
2026-08-19 19:44:08,708 | INFO  | SBA  | memory_node          | MEMORY DEBUG | message_count=5
2026-08-19 19:44:08,709 | INFO  | SBA  | memory_node          | MEMORY DEBUG | HumanMessage : Hi 
2026-08-19 19:44:08,709 | INFO  | SBA  | memory_node          | MEMORY DEBUG | AIMessage : Hello! Welcome to NorthStar Bank Smart Assistant. How can I help you today?
2026-08-19 19:44:08,710 | INFO  | SBA  | memory_node          | MEMORY DEBUG | HumanMessage : How are you doing ? 
2026-08-19 19:44:08,710 | INFO  | SBA  | memory_node          | MEMORY DEBUG | AIMessage : I'm doing well, thank you! I'm here to help with your banking needs.
2026-08-19 19:44:08,710 | INFO  | SBA  | memory_node          | MEMORY DEBUG | HumanMessage : my name is John
2026-08-19 19:44:10,622 | INFO  | SBA  | event_generator      | Streaming route selected | route=small_talks
2026-08-19 19:44:15,329 | INFO  | SBA  | stream_query         | ============================================================
2026-08-19 19:44:15,330 | INFO  | SBA  | stream_query         | Streaming query received | query=my fav number is 1234
2026-08-19 19:44:15,331 | INFO  | SBA  | stream_query         | ============================================================
2026-08-19 19:44:15,343 | INFO  | SBA  | memory_node          | MEMORY DEBUG | message_count=7
2026-08-19 19:44:15,343 | INFO  | SBA  | memory_node          | MEMORY DEBUG | HumanMessage : Hi 
2026-08-19 19:44:15,344 | INFO  | SBA  | memory_node          | MEMORY DEBUG | AIMessage : Hello! Welcome to NorthStar Bank Smart Assistant. How can I help you today?
2026-08-19 19:44:15,344 | INFO  | SBA  | memory_node          | MEMORY DEBUG | HumanMessage : How are you doing ? 
2026-08-19 19:44:15,345 | INFO  | SBA  | memory_node          | MEMORY DEBUG | AIMessage : I'm doing well, thank you! I'm here to help with your banking needs.
2026-08-19 19:44:15,345 | INFO  | SBA  | memory_node          | MEMORY DEBUG | HumanMessage : my name is John
2026-08-19 19:44:15,346 | INFO  | SBA  | memory_node          | MEMORY DEBUG | AIMessage : Nice to meet you, John! How can I help you today?
2026-08-19 19:44:15,346 | INFO  | SBA  | memory_node          | MEMORY DEBUG | HumanMessage : my fav number is 1234
2026-08-19 19:44:17,856 | ERROR | SBA  | classify_query       | Intent classifier failed
Traceback (most recent call last):
  File "c:\agentic_ai_course\smart-banking-assistant\src\agents\nodes.py", line 722, in classify_query
    raise ValueError("Intent classifier returned an empty response.")
ValueError: Intent classifier returned an empty response.
2026-08-19 19:44:18,057 | INFO  | SBA  | event_generator      | Streaming route selected | route=small_talks
2026-08-19 19:44:26,532 | INFO  | SBA  | stream_query         | ============================================================
2026-08-19 19:44:26,532 | INFO  | SBA  | stream_query         | Streaming query received | query=summary my chat history
2026-08-19 19:44:26,534 | INFO  | SBA  | stream_query         | ============================================================
2026-08-19 19:44:26,542 | INFO  | SBA  | memory_node          | MEMORY DEBUG | message_count=9
2026-08-19 19:44:26,542 | INFO  | SBA  | memory_node          | MEMORY DEBUG | HumanMessage : Hi 
2026-08-19 19:44:26,543 | INFO  | SBA  | memory_node          | MEMORY DEBUG | AIMessage : Hello! Welcome to NorthStar Bank Smart Assistant. How can I help you today?
2026-08-19 19:44:26,544 | INFO  | SBA  | memory_node          | MEMORY DEBUG | HumanMessage : How are you doing ? 
2026-08-19 19:44:26,545 | INFO  | SBA  | memory_node          | MEMORY DEBUG | AIMessage : I'm doing well, thank you! I'm here to help with your banking needs.
2026-08-19 19:44:26,545 | INFO  | SBA  | memory_node          | MEMORY DEBUG | HumanMessage : my name is John
2026-08-19 19:44:26,546 | INFO  | SBA  | memory_node          | MEMORY DEBUG | AIMessage : Nice to meet you, John! How can I help you today?
2026-08-19 19:44:26,546 | INFO  | SBA  | memory_node          | MEMORY DEBUG | HumanMessage : my fav number is 1234
2026-08-19 19:44:26,561 | INFO  | SBA  | memory_node          | MEMORY DEBUG | HumanMessage : summary my chat history
2026-08-19 19:44:26,562 | INFO  | SBA  | answer_from_conversation_memory | Conversation memory retrieved | message_count=9
2026-08-19 19:44:29,219 | INFO  | SBA  | event_generator      | Streaming route selected | route=memory
2026-08-19 19:44:50,329 | INFO  | SBA  | stream_query         | ============================================================
2026-08-19 19:44:50,329 | INFO  | SBA  | stream_query         | Streaming query received | query=summarize above questions for me 
2026-08-19 19:44:50,331 | INFO  | SBA  | stream_query         | ============================================================
2026-08-19 19:44:50,339 | INFO  | SBA  | memory_node          | MEMORY DEBUG | message_count=11
2026-08-19 19:44:50,341 | INFO  | SBA  | memory_node          | MEMORY DEBUG | HumanMessage : Hi 
2026-08-19 19:44:50,342 | INFO  | SBA  | memory_node          | MEMORY DEBUG | AIMessage : Hello! Welcome to NorthStar Bank Smart Assistant. How can I help you today?
2026-08-19 19:44:50,342 | INFO  | SBA  | memory_node          | MEMORY DEBUG | HumanMessage : How are you doing ? 
2026-08-19 19:44:50,342 | INFO  | SBA  | memory_node          | MEMORY DEBUG | AIMessage : I'm doing well, thank you! I'm here to help with your banking needs.
2026-08-19 19:44:50,343 | INFO  | SBA  | memory_node          | MEMORY DEBUG | HumanMessage : my name is John
2026-08-19 19:44:50,343 | INFO  | SBA  | memory_node          | MEMORY DEBUG | AIMessage : Nice to meet you, John! How can I help you today?
2026-08-19 19:44:50,344 | INFO  | SBA  | memory_node          | MEMORY DEBUG | HumanMessage : my fav number is 1234
2026-08-19 19:44:50,356 | INFO  | SBA  | memory_node          | MEMORY DEBUG | HumanMessage : summary my chat history
2026-08-19 19:44:50,356 | INFO  | SBA  | memory_node          | MEMORY DEBUG | AIMessage : I couldn't find that information in our previous conversation.
2026-08-19 19:44:50,357 | INFO  | SBA  | memory_node          | MEMORY DEBUG | HumanMessage : summarize above questions for me 
2026-08-19 19:44:50,357 | INFO  | SBA  | answer_from_conversation_memory | Conversation memory retrieved | message_count=11
2026-08-19 19:44:52,313 | INFO  | SBA  | event_generator      | Streaming route selected | route=memory
2026-08-19 19:51:29,252 | INFO  | SBA  | stream_query         | ============================================================
2026-08-19 19:51:29,252 | INFO  | SBA  | stream_query         | Streaming query received | query=Hi 
2026-08-19 19:51:29,254 | INFO  | SBA  | stream_query         | ============================================================
2026-08-19 19:51:29,328 | INFO  | SBA  | memory_node          | MEMORY DEBUG | message_count=13
2026-08-19 19:51:29,328 | INFO  | SBA  | memory_node          | MEMORY DEBUG | HumanMessage : Hi 
2026-08-19 19:51:29,330 | INFO  | SBA  | memory_node          | MEMORY DEBUG | AIMessage : Hello! Welcome to NorthStar Bank Smart Assistant. How can I help you today?
2026-08-19 19:51:29,330 | INFO  | SBA  | memory_node          | MEMORY DEBUG | HumanMessage : How are you doing ? 
2026-08-19 19:51:29,331 | INFO  | SBA  | memory_node          | MEMORY DEBUG | AIMessage : I'm doing well, thank you! I'm here to help with your banking needs.
2026-08-19 19:51:29,331 | INFO  | SBA  | memory_node          | MEMORY DEBUG | HumanMessage : my name is John
2026-08-19 19:51:29,332 | INFO  | SBA  | memory_node          | MEMORY DEBUG | AIMessage : Nice to meet you, John! How can I help you today?
2026-08-19 19:51:29,332 | INFO  | SBA  | memory_node          | MEMORY DEBUG | HumanMessage : my fav number is 1234
2026-08-19 19:51:29,348 | INFO  | SBA  | memory_node          | MEMORY DEBUG | HumanMessage : summary my chat history
2026-08-19 19:51:29,348 | INFO  | SBA  | memory_node          | MEMORY DEBUG | AIMessage : I couldn't find that information in our previous conversation.
2026-08-19 19:51:29,348 | INFO  | SBA  | memory_node          | MEMORY DEBUG | HumanMessage : summarize above questions for me 
2026-08-19 19:51:29,350 | INFO  | SBA  | memory_node          | MEMORY DEBUG | AIMessage : I couldn't find that information in our previous conversation.
2026-08-19 19:51:29,351 | INFO  | SBA  | memory_node          | MEMORY DEBUG | HumanMessage : Hi 
2026-08-19 19:51:29,681 | INFO  | SBA  | event_generator      | Streaming route selected | route=small_talks
2026-08-19 19:51:40,948 | INFO  | SBA  | stream_query         | ============================================================
2026-08-19 19:51:40,948 | INFO  | SBA  | stream_query         | Streaming query received | query=Hi
2026-08-19 19:51:40,949 | INFO  | SBA  | stream_query         | ============================================================
2026-08-19 19:51:40,962 | INFO  | SBA  | memory_node          | MEMORY DEBUG | message_count=1
2026-08-19 19:51:40,962 | INFO  | SBA  | memory_node          | MEMORY DEBUG | HumanMessage : Hi
2026-08-19 19:51:41,338 | INFO  | SBA  | event_generator      | Streaming route selected | route=small_talks
2026-08-19 19:51:59,491 | INFO  | SBA  | stream_query         | ============================================================
2026-08-19 19:51:59,492 | INFO  | SBA  | stream_query         | Streaming query received | query=How are you doing?
2026-08-19 19:51:59,493 | INFO  | SBA  | stream_query         | ============================================================
2026-08-19 19:51:59,504 | INFO  | SBA  | memory_node          | MEMORY DEBUG | message_count=3
2026-08-19 19:51:59,504 | INFO  | SBA  | memory_node          | MEMORY DEBUG | HumanMessage : Hi
2026-08-19 19:51:59,505 | INFO  | SBA  | memory_node          | MEMORY DEBUG | AIMessage : Hello! Welcome to NorthStar Bank Smart Assistant. How can I help you today?
2026-08-19 19:51:59,505 | INFO  | SBA  | memory_node          | MEMORY DEBUG | HumanMessage : How are you doing?
2026-08-19 19:51:59,913 | INFO  | SBA  | event_generator      | Streaming route selected | route=small_talks
2026-08-19 19:52:10,014 | INFO  | SBA  | stream_query         | ============================================================
2026-08-19 19:52:10,015 | INFO  | SBA  | stream_query         | Streaming query received | query=My name is John
2026-08-19 19:52:10,016 | INFO  | SBA  | stream_query         | ============================================================
2026-08-19 19:52:10,025 | INFO  | SBA  | memory_node          | MEMORY DEBUG | message_count=5
2026-08-19 19:52:10,026 | INFO  | SBA  | memory_node          | MEMORY DEBUG | HumanMessage : Hi
2026-08-19 19:52:10,026 | INFO  | SBA  | memory_node          | MEMORY DEBUG | AIMessage : Hello! Welcome to NorthStar Bank Smart Assistant. How can I help you today?
2026-08-19 19:52:10,027 | INFO  | SBA  | memory_node          | MEMORY DEBUG | HumanMessage : How are you doing?
2026-08-19 19:52:10,027 | INFO  | SBA  | memory_node          | MEMORY DEBUG | AIMessage : I'm doing well, thank you! I'm here to help with your banking needs.
2026-08-19 19:52:10,028 | INFO  | SBA  | memory_node          | MEMORY DEBUG | HumanMessage : My name is John
2026-08-19 19:52:12,618 | INFO  | SBA  | event_generator      | Streaming route selected | route=small_talks
2026-08-19 19:52:18,746 | INFO  | SBA  | stream_query         | ============================================================
2026-08-19 19:52:18,747 | INFO  | SBA  | stream_query         | Streaming query received | query=My fav number is 1234
2026-08-19 19:52:18,748 | INFO  | SBA  | stream_query         | ============================================================
2026-08-19 19:52:18,758 | INFO  | SBA  | memory_node          | MEMORY DEBUG | message_count=7
2026-08-19 19:52:18,758 | INFO  | SBA  | memory_node          | MEMORY DEBUG | HumanMessage : Hi
2026-08-19 19:52:18,759 | INFO  | SBA  | memory_node          | MEMORY DEBUG | AIMessage : Hello! Welcome to NorthStar Bank Smart Assistant. How can I help you today?
2026-08-19 19:52:18,759 | INFO  | SBA  | memory_node          | MEMORY DEBUG | HumanMessage : How are you doing?
2026-08-19 19:52:18,760 | INFO  | SBA  | memory_node          | MEMORY DEBUG | AIMessage : I'm doing well, thank you! I'm here to help with your banking needs.
2026-08-19 19:52:18,760 | INFO  | SBA  | memory_node          | MEMORY DEBUG | HumanMessage : My name is John
2026-08-19 19:52:18,761 | INFO  | SBA  | memory_node          | MEMORY DEBUG | AIMessage : Nice to meet you, John! How can I help you today?
2026-08-19 19:52:18,761 | INFO  | SBA  | memory_node          | MEMORY DEBUG | HumanMessage : My fav number is 1234
2026-08-19 19:52:20,899 | ERROR | SBA  | classify_query       | Intent classifier failed
Traceback (most recent call last):
  File "c:\agentic_ai_course\smart-banking-assistant\src\agents\nodes.py", line 720, in classify_query
    raise ValueError("Intent classifier returned an empty response.")
ValueError: Intent classifier returned an empty response.
2026-08-19 19:52:21,117 | INFO  | SBA  | event_generator      | Streaming route selected | route=small_talks
2026-08-19 19:52:28,527 | INFO  | SBA  | stream_query         | ============================================================
2026-08-19 19:52:28,528 | INFO  | SBA  | stream_query         | Streaming query received | query=Summarize my previous questions
2026-08-19 19:52:28,529 | INFO  | SBA  | stream_query         | ============================================================
2026-08-19 19:52:28,538 | INFO  | SBA  | memory_node          | MEMORY DEBUG | message_count=9
2026-08-19 19:52:28,539 | INFO  | SBA  | memory_node          | MEMORY DEBUG | HumanMessage : Hi
2026-08-19 19:52:28,539 | INFO  | SBA  | memory_node          | MEMORY DEBUG | AIMessage : Hello! Welcome to NorthStar Bank Smart Assistant. How can I help you today?
2026-08-19 19:52:28,539 | INFO  | SBA  | memory_node          | MEMORY DEBUG | HumanMessage : How are you doing?
2026-08-19 19:52:28,540 | INFO  | SBA  | memory_node          | MEMORY DEBUG | AIMessage : I'm doing well, thank you! I'm here to help with your banking needs.
2026-08-19 19:52:28,540 | INFO  | SBA  | memory_node          | MEMORY DEBUG | HumanMessage : My name is John
2026-08-19 19:52:28,541 | INFO  | SBA  | memory_node          | MEMORY DEBUG | AIMessage : Nice to meet you, John! How can I help you today?
2026-08-19 19:52:28,541 | INFO  | SBA  | memory_node          | MEMORY DEBUG | HumanMessage : My fav number is 1234
2026-08-19 19:52:28,552 | INFO  | SBA  | memory_node          | MEMORY DEBUG | HumanMessage : Summarize my previous questions
2026-08-19 19:52:28,553 | INFO  | SBA  | answer_from_conversation_memory | Conversation memory retrieved | message_count=9
2026-08-19 19:52:30,829 | INFO  | SBA  | event_generator      | Streaming route selected | route=memory
2026-08-19 19:58:45,171 | INFO  | SBA  | stream_query         | ============================================================
2026-08-19 19:58:45,171 | INFO  | SBA  | stream_query         | Streaming query received | query=Hi
2026-08-19 19:58:45,172 | INFO  | SBA  | stream_query         | ============================================================
2026-08-19 19:58:45,244 | INFO  | SBA  | memory_node          | MEMORY DEBUG | message_count=1
2026-08-19 19:58:45,244 | INFO  | SBA  | memory_node          | MEMORY DEBUG | HumanMessage : Hi
2026-08-19 19:58:45,604 | INFO  | SBA  | event_generator      | Streaming route selected | route=small_talks
2026-08-19 19:58:59,313 | INFO  | SBA  | stream_query         | ============================================================
2026-08-19 19:58:59,314 | INFO  | SBA  | stream_query         | Streaming query received | query=What is personal loan processing fee?
2026-08-19 19:58:59,316 | INFO  | SBA  | stream_query         | ============================================================
2026-08-19 19:58:59,324 | INFO  | SBA  | memory_node          | MEMORY DEBUG | message_count=3
2026-08-19 19:58:59,325 | INFO  | SBA  | memory_node          | MEMORY DEBUG | HumanMessage : Hi
2026-08-19 19:58:59,325 | INFO  | SBA  | memory_node          | MEMORY DEBUG | AIMessage : Hello! Welcome to NorthStar Bank Smart Assistant. How can I help you today?
2026-08-19 19:58:59,326 | INFO  | SBA  | memory_node          | MEMORY DEBUG | HumanMessage : What is personal loan processing fee?
2026-08-19 19:59:01,056 | INFO  | SBA  | rag_node             | RAG processing started
2026-08-19 19:59:01,057 | INFO  | SBA  | hybrid_reranked_search | Hybrid reranked search started 
2026-08-19 19:59:01,059 | INFO  | SBA  | hybrid_search        | Hybrid search started 
2026-08-19 19:59:01,059 | INFO  | SBA  | vector_search        | Vector search started | top_k=20
2026-08-19 19:59:01,342 | INFO  | SBA  | vector_search        | Vector search completed | result_count=20
2026-08-19 19:59:01,342 | INFO  | SBA  | fts_search           | FTS search started | top_k=20
2026-08-19 19:59:01,376 | INFO  | SBA  | fts_search           | FTS search completed | result_count=20
2026-08-19 19:59:01,377 | INFO  | SBA  | rrf_fusion           | RRF fusion completed 
2026-08-19 19:59:01,378 | INFO  | SBA  | hybrid_search        | Hybrid search completed | vector=20 | fts=20 | rrf_results=20
2026-08-19 19:59:01,792 | INFO  | SBA  | is_retrieval_relevant | Re-Ranking Bes scrore :0.47913864 >= 0.3
2026-08-19 19:59:01,792 | INFO  | SBA  | _generate_rag_answer | RAG answer generation started
2026-08-19 19:59:03,850 | INFO  | SBA  | _generate_rag_answer | RAG answer generation completed
2026-08-19 19:59:03,851 | INFO  | SBA  | answer_rag_query     | RAG query completed
2026-08-19 19:59:03,853 | INFO  | SBA  | rag_node             | RAG processing completed 
2026-08-19 19:59:03,869 | INFO  | SBA  | merge_node           | Merge node started | route=rag
2026-08-19 19:59:03,870 | INFO  | SBA  | merge_node           | Merge completed | route=rag
2026-08-19 19:59:04,090 | INFO  | SBA  | event_generator      | Streaming route selected | route=rag
2026-08-19 19:59:04,090 | INFO  | SBA  | event_generator      | Starting RAG token streaming
2026-08-19 19:59:04,092 | INFO  | SBA  | stream_rag_answer    | Streaming RAG query started
2026-08-19 19:59:04,092 | INFO  | SBA  | stream_rag_answer    | Streaming RAG retrieval completed 
2026-08-19 19:59:05,820 | INFO  | SBA  | stream_rag_answer    | Streaming token started
2026-08-19 19:59:06,465 | INFO  | SBA  | stream_rag_answer    | Streaming RAG query completed 
2026-08-19 19:59:17,515 | INFO  | SBA  | stream_query         | ============================================================
2026-08-19 19:59:17,516 | INFO  | SBA  | stream_query         | Streaming query received | query=my fav number is 33
2026-08-19 19:59:17,517 | INFO  | SBA  | stream_query         | ============================================================
2026-08-19 19:59:17,528 | INFO  | SBA  | memory_node          | MEMORY DEBUG | message_count=5
2026-08-19 19:59:17,528 | INFO  | SBA  | memory_node          | MEMORY DEBUG | HumanMessage : Hi
2026-08-19 19:59:17,528 | INFO  | SBA  | memory_node          | MEMORY DEBUG | AIMessage : Hello! Welcome to NorthStar Bank Smart Assistant. How can I help you today?
2026-08-19 19:59:17,529 | INFO  | SBA  | memory_node          | MEMORY DEBUG | HumanMessage : What is personal loan processing fee?
2026-08-19 19:59:17,529 | INFO  | SBA  | memory_node          | MEMORY DEBUG | AIMessage : For NorthStar Bank **Personal Loans**, the **processing fee is 1.00% to 2.00% of the loan amount**, with a **minimum fee of Rs. 2,000**.
2026-08-19 19:59:17,530 | INFO  | SBA  | memory_node          | MEMORY DEBUG | HumanMessage : my fav number is 33
2026-08-19 19:59:21,874 | ERROR | SBA  | classify_query       | Intent classifier failed
Traceback (most recent call last):
  File "c:\agentic_ai_course\smart-banking-assistant\src\agents\nodes.py", line 720, in classify_query
    raise ValueError("Intent classifier returned an empty response.")
ValueError: Intent classifier returned an empty response.
2026-08-19 19:59:22,079 | INFO  | SBA  | event_generator      | Streaming route selected | route=small_talks
2026-08-19 19:59:29,935 | INFO  | SBA  | stream_query         | ============================================================
2026-08-19 19:59:29,935 | INFO  | SBA  | stream_query         | Streaming query received | query=Summarize my previous questions
2026-08-19 19:59:29,937 | INFO  | SBA  | stream_query         | ============================================================
2026-08-19 19:59:29,945 | INFO  | SBA  | memory_node          | MEMORY DEBUG | message_count=7
2026-08-19 19:59:29,946 | INFO  | SBA  | memory_node          | MEMORY DEBUG | HumanMessage : Hi
2026-08-19 19:59:29,947 | INFO  | SBA  | memory_node          | MEMORY DEBUG | AIMessage : Hello! Welcome to NorthStar Bank Smart Assistant. How can I help you today?
2026-08-19 19:59:29,947 | INFO  | SBA  | memory_node          | MEMORY DEBUG | HumanMessage : What is personal loan processing fee?
2026-08-19 19:59:29,947 | INFO  | SBA  | memory_node          | MEMORY DEBUG | AIMessage : For NorthStar Bank **Personal Loans**, the **processing fee is 1.00% to 2.00% of the loan amount**, with a **minimum fee of Rs. 2,000**.
2026-08-19 19:59:29,948 | INFO  | SBA  | memory_node          | MEMORY DEBUG | HumanMessage : my fav number is 33
2026-08-19 19:59:29,948 | INFO  | SBA  | memory_node          | MEMORY DEBUG | AIMessage : Got it! I'll remember that for this conversation. 
2026-08-19 19:59:29,949 | INFO  | SBA  | memory_node          | MEMORY DEBUG | HumanMessage : Summarize my previous questions
2026-08-19 19:59:29,949 | INFO  | SBA  | answer_from_conversation_memory | Conversation memory retrieved | message_count=7
2026-08-19 19:59:32,286 | INFO  | SBA  | event_generator      | Streaming route selected | route=memory
2026-08-20 03:42:05,558 | INFO  | SBA  | stream_query         | ============================================================
2026-08-20 03:42:05,576 | INFO  | SBA  | stream_query         | Streaming query received | query=Hi 
2026-08-20 03:42:05,576 | INFO  | SBA  | stream_query         | ============================================================
2026-08-20 03:42:06,615 | INFO  | SBA  | memory_node          | MEMORY DEBUG | message_count=1
2026-08-20 03:42:06,615 | INFO  | SBA  | memory_node          | MEMORY DEBUG | HumanMessage : Hi 
2026-08-20 03:42:07,344 | INFO  | SBA  | event_generator      | Streaming route selected | route=small_talks
2026-08-20 03:42:11,387 | INFO  | SBA  | stream_query         | ============================================================
2026-08-20 03:42:11,388 | INFO  | SBA  | stream_query         | Streaming query received | query=How are you ?
2026-08-20 03:42:11,388 | INFO  | SBA  | stream_query         | ============================================================
2026-08-20 03:42:11,402 | INFO  | SBA  | memory_node          | MEMORY DEBUG | message_count=3
2026-08-20 03:42:11,402 | INFO  | SBA  | memory_node          | MEMORY DEBUG | HumanMessage : Hi 
2026-08-20 03:42:11,403 | INFO  | SBA  | memory_node          | MEMORY DEBUG | AIMessage : Hello! Welcome to NorthStar Bank Smart Assistant. How can I help you today?
2026-08-20 03:42:11,403 | INFO  | SBA  | memory_node          | MEMORY DEBUG | HumanMessage : How are you ?
2026-08-20 03:42:11,757 | INFO  | SBA  | event_generator      | Streaming route selected | route=small_talks
2026-08-20 03:42:19,208 | INFO  | SBA  | stream_query         | ============================================================
2026-08-20 03:42:19,208 | INFO  | SBA  | stream_query         | Streaming query received | query=my fav number is 33 
2026-08-20 03:42:19,208 | INFO  | SBA  | stream_query         | ============================================================
2026-08-20 03:42:19,218 | INFO  | SBA  | memory_node          | MEMORY DEBUG | message_count=5
2026-08-20 03:42:19,218 | INFO  | SBA  | memory_node          | MEMORY DEBUG | HumanMessage : Hi 
2026-08-20 03:42:19,219 | INFO  | SBA  | memory_node          | MEMORY DEBUG | AIMessage : Hello! Welcome to NorthStar Bank Smart Assistant. How can I help you today?
2026-08-20 03:42:19,219 | INFO  | SBA  | memory_node          | MEMORY DEBUG | HumanMessage : How are you ?
2026-08-20 03:42:19,219 | INFO  | SBA  | memory_node          | MEMORY DEBUG | AIMessage : I'm doing well, thank you! I'm here to help with your banking needs.
2026-08-20 03:42:19,219 | INFO  | SBA  | memory_node          | MEMORY DEBUG | HumanMessage : my fav number is 33 
2026-08-20 03:42:22,678 | ERROR | SBA  | classify_query       | Intent classifier failed
Traceback (most recent call last):
  File "c:\agentic_ai_course\smart-banking-assistant\src\agents\nodes.py", line 685, in classify_query
    response = client.chat.completions.create(
        model=OPENAI_MODEL,
    ...<10 lines>...
        max_completion_tokens=300,
    )
  File "C:\agentic_ai_course\smart-banking-assistant\.venv\Lib\site-packages\openai\_utils\_utils.py", line 298, in wrapper
    return func(*args, **kwargs)
  File "C:\agentic_ai_course\smart-banking-assistant\.venv\Lib\site-packages\openai\resources\chat\completions\completions.py", line 1296, in create
    return self._post(
           ~~~~~~~~~~^
        "/chat/completions",
        ^^^^^^^^^^^^^^^^^^^^
    ...<53 lines>...
        stream_cls=Stream[ChatCompletionChunk],
        ^^^^^^^^^^^^^^^^^^^^^^^^^^^^^^^^^^^^^^^
    )
    ^
  File "C:\agentic_ai_course\smart-banking-assistant\.venv\Lib\site-packages\openai\_base_client.py", line 1375, in post
    return cast(ResponseT, self.request(cast_to, opts, stream=stream, stream_cls=stream_cls))
                           ~~~~~~~~~~~~^^^^^^^^^^^^^^^^^^^^^^^^^^^^^^^^^^^^^^^^^^^^^^^^^^^^^
  File "C:\agentic_ai_course\smart-banking-assistant\.venv\Lib\site-packages\openai\_base_client.py", line 1148, in request
    raise self._make_status_error_from_response(err.response) from None
openai.RateLimitError: Error code: 429 - {'error': {'message': 'Your project has reached its configured enforced spend limit. Update your limit at https://platform.openai.com/settings/proj_ZT1fwhkzVaAxdWLKPqM7QTlO/limits.', 'type': 'insufficient_quota', 'param': None, 'code': 'project_spend_limit_exceeded'}}
2026-08-20 03:42:22,980 | INFO  | SBA  | event_generator      | Streaming route selected | route=small_talks
2026-08-20 03:45:53,628 | INFO  | SBA  | stream_query         | ============================================================
2026-08-20 03:45:53,629 | INFO  | SBA  | stream_query         | Streaming query received | query=What is personal loan processing fee?
2026-08-20 03:45:53,630 | INFO  | SBA  | stream_query         | ============================================================
2026-08-20 03:45:53,651 | INFO  | SBA  | memory_node          | MEMORY DEBUG | message_count=7
2026-08-20 03:45:53,651 | INFO  | SBA  | memory_node          | MEMORY DEBUG | HumanMessage : Hi 
2026-08-20 03:45:53,652 | INFO  | SBA  | memory_node          | MEMORY DEBUG | AIMessage : Hello! Welcome to NorthStar Bank Smart Assistant. How can I help you today?
2026-08-20 03:45:53,653 | INFO  | SBA  | memory_node          | MEMORY DEBUG | HumanMessage : How are you ?
2026-08-20 03:45:53,654 | INFO  | SBA  | memory_node          | MEMORY DEBUG | AIMessage : I'm doing well, thank you! I'm here to help with your banking needs.
2026-08-20 03:45:53,654 | INFO  | SBA  | memory_node          | MEMORY DEBUG | HumanMessage : my fav number is 33 
2026-08-20 03:45:53,655 | INFO  | SBA  | memory_node          | MEMORY DEBUG | AIMessage : Got it! I'll remember that for this conversation. 
2026-08-20 03:45:53,655 | INFO  | SBA  | memory_node          | MEMORY DEBUG | HumanMessage : What is personal loan processing fee?
2026-08-20 03:45:55,983 | ERROR | SBA  | classify_query       | Intent classifier failed
Traceback (most recent call last):
  File "c:\agentic_ai_course\smart-banking-assistant\src\agents\nodes.py", line 685, in classify_query
    response = client.chat.completions.create(
        model=OPENAI_MODEL,
    ...<10 lines>...
        max_completion_tokens=300,
    )
  File "C:\agentic_ai_course\smart-banking-assistant\.venv\Lib\site-packages\openai\_utils\_utils.py", line 298, in wrapper
    return func(*args, **kwargs)
  File "C:\agentic_ai_course\smart-banking-assistant\.venv\Lib\site-packages\openai\resources\chat\completions\completions.py", line 1296, in create
    return self._post(
           ~~~~~~~~~~^
        "/chat/completions",
        ^^^^^^^^^^^^^^^^^^^^
    ...<53 lines>...
        stream_cls=Stream[ChatCompletionChunk],
        ^^^^^^^^^^^^^^^^^^^^^^^^^^^^^^^^^^^^^^^
    )
    ^
  File "C:\agentic_ai_course\smart-banking-assistant\.venv\Lib\site-packages\openai\_base_client.py", line 1375, in post
    return cast(ResponseT, self.request(cast_to, opts, stream=stream, stream_cls=stream_cls))
                           ~~~~~~~~~~~~^^^^^^^^^^^^^^^^^^^^^^^^^^^^^^^^^^^^^^^^^^^^^^^^^^^^^
  File "C:\agentic_ai_course\smart-banking-assistant\.venv\Lib\site-packages\openai\_base_client.py", line 1148, in request
    raise self._make_status_error_from_response(err.response) from None
openai.RateLimitError: Error code: 429 - {'error': {'message': 'Your project has reached its configured enforced spend limit. Update your limit at https://platform.openai.com/settings/proj_ZT1fwhkzVaAxdWLKPqM7QTlO/limits.', 'type': 'insufficient_quota', 'param': None, 'code': 'project_spend_limit_exceeded'}}
2026-08-20 03:45:56,212 | INFO  | SBA  | event_generator      | Streaming route selected | route=small_talks
2026-08-20 03:50:02,410 | INFO  | SBA  | stream_query         | ============================================================
2026-08-20 03:51:05,504 | INFO  | SBA  | stream_query         | Streaming query received | query=summarize my previous questions
2026-08-20 03:51:05,510 | INFO  | SBA  | stream_query         | ============================================================
2026-08-20 03:51:05,520 | INFO  | SBA  | memory_node          | MEMORY DEBUG | message_count=9
2026-08-20 03:51:05,521 | INFO  | SBA  | memory_node          | MEMORY DEBUG | HumanMessage : Hi 
2026-08-20 03:51:05,522 | INFO  | SBA  | memory_node          | MEMORY DEBUG | AIMessage : Hello! Welcome to NorthStar Bank Smart Assistant. How can I help you today?
2026-08-20 03:51:05,523 | INFO  | SBA  | memory_node          | MEMORY DEBUG | HumanMessage : How are you ?
2026-08-20 03:51:05,525 | INFO  | SBA  | memory_node          | MEMORY DEBUG | AIMessage : I'm doing well, thank you! I'm here to help with your banking needs.
2026-08-20 03:51:05,529 | INFO  | SBA  | memory_node          | MEMORY DEBUG | HumanMessage : my fav number is 33 
2026-08-20 03:51:05,529 | INFO  | SBA  | memory_node          | MEMORY DEBUG | AIMessage : Got it! I'll remember that for this conversation. 
2026-08-20 03:51:05,529 | INFO  | SBA  | memory_node          | MEMORY DEBUG | HumanMessage : What is personal loan processing fee?
2026-08-20 03:51:05,530 | INFO  | SBA  | memory_node          | MEMORY DEBUG | AIMessage : I'd be happy to assist you.  I'm here to help with NorthStar Bank banking services, including loans, accounts, credit cards, fixed deposits, eligibility, charges, and banking policies.
2026-08-20 03:51:05,531 | INFO  | SBA  | memory_node          | MEMORY DEBUG | HumanMessage : summarize my previous questions
2026-08-20 03:51:05,531 | INFO  | SBA  | answer_from_conversation_memory | Conversation memory retrieved | message_count=9
2026-08-20 03:51:07,875 | ERROR | SBA  | answer_from_conversation_memory | Conversation memory LLM call failed
Traceback (most recent call last):
  File "c:\agentic_ai_course\smart-banking-assistant\src\agents\nodes.py", line 182, in answer_from_conversation_memory
    response = client.chat.completions.create(
        model=OPENAI_MODEL,
    ...<6 lines>...
        max_completion_tokens=300,
    )
  File "C:\agentic_ai_course\smart-banking-assistant\.venv\Lib\site-packages\openai\_utils\_utils.py", line 298, in wrapper
    return func(*args, **kwargs)
  File "C:\agentic_ai_course\smart-banking-assistant\.venv\Lib\site-packages\openai\resources\chat\completions\completions.py", line 1296, in create
    return self._post(
           ~~~~~~~~~~^
        "/chat/completions",
        ^^^^^^^^^^^^^^^^^^^^
    ...<53 lines>...
        stream_cls=Stream[ChatCompletionChunk],
        ^^^^^^^^^^^^^^^^^^^^^^^^^^^^^^^^^^^^^^^
    )
    ^
  File "C:\agentic_ai_course\smart-banking-assistant\.venv\Lib\site-packages\openai\_base_client.py", line 1375, in post
    return cast(ResponseT, self.request(cast_to, opts, stream=stream, stream_cls=stream_cls))
                           ~~~~~~~~~~~~^^^^^^^^^^^^^^^^^^^^^^^^^^^^^^^^^^^^^^^^^^^^^^^^^^^^^
  File "C:\agentic_ai_course\smart-banking-assistant\.venv\Lib\site-packages\openai\_base_client.py", line 1148, in request
    raise self._make_status_error_from_response(err.response) from None
openai.RateLimitError: Error code: 429 - {'error': {'message': 'Your project has reached its configured enforced spend limit. Update your limit at https://platform.openai.com/settings/proj_ZT1fwhkzVaAxdWLKPqM7QTlO/limits.', 'type': 'insufficient_quota', 'param': None, 'code': 'project_spend_limit_exceeded'}}
2026-08-20 03:51:08,099 | ERROR | SBA  | event_generator      | Streaming query failed
Traceback (most recent call last):
  File "c:\agentic_ai_course\smart-banking-assistant\src\api\routes.py", line 428, in event_generator
    result = agent_graph.invoke(
        build_agent_input(request),
        config=build_graph_config(request.session_id),
    )
  File "C:\agentic_ai_course\smart-banking-assistant\.venv\Lib\site-packages\langgraph\pregel\main.py", line 3913, in invoke
    for chunk in self.stream(
                 ~~~~~~~~~~~^
        input,
        ^^^^^^
    ...<11 lines>...
        **kwargs,
        ^^^^^^^^^
    ):
    ^
  File "C:\agentic_ai_course\smart-banking-assistant\.venv\Lib\site-packages\langgraph\pregel\main.py", line 2967, in stream
    for _ in runner.tick(
             ~~~~~~~~~~~^
        [t for t in loop.tasks.values() if not t.writes],
        ^^^^^^^^^^^^^^^^^^^^^^^^^^^^^^^^^^^^^^^^^^^^^^^^^
    ...<2 lines>...
        schedule_task=loop.accept_push,
        ^^^^^^^^^^^^^^^^^^^^^^^^^^^^^^^
    ):
    ^
  File "C:\agentic_ai_course\smart-banking-assistant\.venv\Lib\site-packages\langgraph\pregel\_runner.py", line 207, in tick
    run_with_retry(
    ~~~~~~~~~~~~~~^
        t,
        ^^
    ...<10 lines>...
        },
        ^^
    )
    ^
  File "C:\agentic_ai_course\smart-banking-assistant\.venv\Lib\site-packages\langgraph\pregel\_retry.py", line 617, in run_with_retry
    return task.proc.invoke(task.input, config)
           ~~~~~~~~~~~~~~~~^^^^^^^^^^^^^^^^^^^^
  File "C:\agentic_ai_course\smart-banking-assistant\.venv\Lib\site-packages\langgraph\_internal\_runnable.py", line 684, in invoke
    input = context.run(step.invoke, input, config, **kwargs)
  File "C:\agentic_ai_course\smart-banking-assistant\.venv\Lib\site-packages\langgraph\_internal\_runnable.py", line 426, in invoke
    ret = self.func(*args, **kwargs)
  File "c:\agentic_ai_course\smart-banking-assistant\src\agents\nodes.py", line 1342, in memory_node
    response = answer_from_conversation_memory(
        query=query,
        messages=messages,
    )
  File "c:\agentic_ai_course\smart-banking-assistant\src\agents\nodes.py", line 182, in answer_from_conversation_memory
    response = client.chat.completions.create(
        model=OPENAI_MODEL,
    ...<6 lines>...
        max_completion_tokens=300,
    )
  File "C:\agentic_ai_course\smart-banking-assistant\.venv\Lib\site-packages\openai\_utils\_utils.py", line 298, in wrapper
    return func(*args, **kwargs)
  File "C:\agentic_ai_course\smart-banking-assistant\.venv\Lib\site-packages\openai\resources\chat\completions\completions.py", line 1296, in create
    return self._post(
           ~~~~~~~~~~^
        "/chat/completions",
        ^^^^^^^^^^^^^^^^^^^^
    ...<53 lines>...
        stream_cls=Stream[ChatCompletionChunk],
        ^^^^^^^^^^^^^^^^^^^^^^^^^^^^^^^^^^^^^^^
    )
    ^
  File "C:\agentic_ai_course\smart-banking-assistant\.venv\Lib\site-packages\openai\_base_client.py", line 1375, in post
    return cast(ResponseT, self.request(cast_to, opts, stream=stream, stream_cls=stream_cls))
                           ~~~~~~~~~~~~^^^^^^^^^^^^^^^^^^^^^^^^^^^^^^^^^^^^^^^^^^^^^^^^^^^^^
  File "C:\agentic_ai_course\smart-banking-assistant\.venv\Lib\site-packages\openai\_base_client.py", line 1148, in request
    raise self._make_status_error_from_response(err.response) from None
openai.RateLimitError: Error code: 429 - {'error': {'message': 'Your project has reached its configured enforced spend limit. Update your limit at https://platform.openai.com/settings/proj_ZT1fwhkzVaAxdWLKPqM7QTlO/limits.', 'type': 'insufficient_quota', 'param': None, 'code': 'project_spend_limit_exceeded'}}
During task with name 'memory' and id 'b8371e2e-f67c-97e3-81fe-742681222ffe'
2026-08-20 06:07:23,423 | INFO  | presidio-analyzer | __init__             | Using device of type: cpu
2026-08-20 06:09:21,045 | INFO  | SBA  | stream_query         | ============================================================
2026-08-20 06:09:40,367 | INFO  | SBA  | stream_query         | Streaming query received | query=Hi 
2026-08-20 06:09:40,414 | INFO  | SBA  | stream_query         | ============================================================
2026-08-20 06:09:42,691 | WARNING | huggingface_hub.utils._http | _warn_on_warning_headers | Warning: You are sending unauthenticated requests to the HF Hub. Please set a HF_TOKEN to enable higher rate limits and faster downloads.
2026-08-20 06:09:51,923 | INFO  | gliner.model | from_pretrained      | Loading the following GLiNER type: <class 'gliner.model.UniEncoderSpanGLiNER'>...
2026-08-20 06:10:03,064 | INFO  | presidio-analyzer | __init__             | Loaded recognizer: GLiNERRecognizer
2026-08-20 06:10:03,113 | INFO  | presidio-analyzer | __init__             | Loaded recognizer: CreditCardRecognizer
2026-08-20 06:10:03,113 | INFO  | presidio-analyzer | __init__             | Loaded recognizer: CreditCardRecognizer
2026-08-20 06:10:03,115 | INFO  | presidio-analyzer | __init__             | Loaded recognizer: CreditCardRecognizer
2026-08-20 06:10:03,115 | INFO  | presidio-analyzer | __init__             | Loaded recognizer: CreditCardRecognizer
2026-08-20 06:10:03,116 | INFO  | presidio-analyzer | __init__             | Loaded recognizer: UsBankRecognizer
2026-08-20 06:10:03,116 | INFO  | presidio-analyzer | __init__             | Loaded recognizer: UsLicenseRecognizer
2026-08-20 06:10:03,117 | INFO  | presidio-analyzer | __init__             | Loaded recognizer: UsItinRecognizer
2026-08-20 06:10:03,117 | INFO  | presidio-analyzer | __init__             | Loaded recognizer: UsPassportRecognizer
2026-08-20 06:10:03,118 | INFO  | presidio-analyzer | __init__             | Loaded recognizer: UsSsnRecognizer
2026-08-20 06:10:03,118 | INFO  | presidio-analyzer | __init__             | Loaded recognizer: NhsRecognizer
2026-08-20 06:10:03,119 | INFO  | presidio-analyzer | __init__             | Loaded recognizer: EsNifRecognizer
2026-08-20 06:10:03,120 | INFO  | presidio-analyzer | __init__             | Loaded recognizer: EsNieRecognizer
2026-08-20 06:10:03,120 | INFO  | presidio-analyzer | __init__             | Loaded recognizer: ItDriverLicenseRecognizer
2026-08-20 06:10:03,121 | INFO  | presidio-analyzer | __init__             | Loaded recognizer: ItFiscalCodeRecognizer
2026-08-20 06:10:03,121 | INFO  | presidio-analyzer | __init__             | Loaded recognizer: ItVatCodeRecognizer
2026-08-20 06:10:03,122 | INFO  | presidio-analyzer | __init__             | Loaded recognizer: ItIdentityCardRecognizer
2026-08-20 06:10:03,122 | INFO  | presidio-analyzer | __init__             | Loaded recognizer: ItPassportRecognizer
2026-08-20 06:10:03,123 | INFO  | presidio-analyzer | __init__             | Loaded recognizer: PlPeselRecognizer
2026-08-20 06:10:03,124 | INFO  | presidio-analyzer | __init__             | Loaded recognizer: CryptoRecognizer
2026-08-20 06:10:03,124 | INFO  | presidio-analyzer | __init__             | Loaded recognizer: DateRecognizer
2026-08-20 06:10:03,125 | INFO  | presidio-analyzer | __init__             | Loaded recognizer: EmailRecognizer
2026-08-20 06:10:03,126 | INFO  | presidio-analyzer | __init__             | Loaded recognizer: IbanRecognizer
2026-08-20 06:10:03,126 | INFO  | presidio-analyzer | __init__             | Loaded recognizer: IpRecognizer
2026-08-20 06:10:03,127 | INFO  | presidio-analyzer | __init__             | Loaded recognizer: MedicalLicenseRecognizer
2026-08-20 06:10:03,127 | INFO  | presidio-analyzer | __init__             | Loaded recognizer: MacAddressRecognizer
2026-08-20 06:10:03,127 | INFO  | presidio-analyzer | __init__             | Loaded recognizer: PhoneRecognizer
2026-08-20 06:10:03,128 | INFO  | presidio-analyzer | __init__             | Loaded recognizer: UrlRecognizer
2026-08-20 06:10:03,129 | WARNING | presidio-analyzer | _is_language_supported_globally | Recognizer not added to registry because language is not supported by registry - CreditCardRecognizer supported languages: es, registry supported languages: en
2026-08-20 06:10:03,129 | WARNING | presidio-analyzer | _is_language_supported_globally | Recognizer not added to registry because language is not supported by registry - CreditCardRecognizer supported languages: it, registry supported languages: en
2026-08-20 06:10:03,129 | WARNING | presidio-analyzer | _is_language_supported_globally | Recognizer not added to registry because language is not supported by registry - CreditCardRecognizer supported languages: pl, registry supported languages: en
2026-08-20 06:10:03,130 | WARNING | presidio-analyzer | _is_language_supported_globally | Recognizer not added to registry because language is not supported by registry - EsNifRecognizer supported languages: es, registry supported languages: en
2026-08-20 06:10:03,130 | WARNING | presidio-analyzer | _is_language_supported_globally | Recognizer not added to registry because language is not supported by registry - EsNieRecognizer supported languages: es, registry supported languages: en
2026-08-20 06:10:03,131 | WARNING | presidio-analyzer | _is_language_supported_globally | Recognizer not added to registry because language is not supported by registry - ItDriverLicenseRecognizer supported languages: it, registry supported languages: en
2026-08-20 06:10:03,131 | WARNING | presidio-analyzer | _is_language_supported_globally | Recognizer not added to registry because language is not supported by registry - ItFiscalCodeRecognizer supported languages: it, registry supported languages: en
2026-08-20 06:10:03,131 | WARNING | presidio-analyzer | _is_language_supported_globally | Recognizer not added to registry because language is not supported by registry - ItVatCodeRecognizer supported languages: it, registry supported languages: en
2026-08-20 06:10:03,132 | WARNING | presidio-analyzer | _is_language_supported_globally | Recognizer not added to registry because language is not supported by registry - ItIdentityCardRecognizer supported languages: it, registry supported languages: en
2026-08-20 06:10:03,132 | WARNING | presidio-analyzer | _is_language_supported_globally | Recognizer not added to registry because language is not supported by registry - ItPassportRecognizer supported languages: it, registry supported languages: en
2026-08-20 06:10:03,133 | WARNING | presidio-analyzer | _is_language_supported_globally | Recognizer not added to registry because language is not supported by registry - PlPeselRecognizer supported languages: pl, registry supported languages: en
2026-08-20 06:10:03,133 | INFO  | presidio-analyzer | __init__             | Loaded recognizer: SpacyRecognizer
2026-08-20 06:10:03,133 | INFO  | presidio-analyzer | __init__             | nlp_engine not provided, creating default.
2026-08-20 06:10:03,148 | WARNING | presidio-analyzer | _download_spacy_model_if_needed | Model en_core_web_lg is not installed. Downloading...
2026-08-20 06:10:29,922 | INFO  | presidio-analyzer | _download_spacy_model_if_needed | Finished downloading model en_core_web_lg
2026-08-20 06:10:33,560 | INFO  | presidio-analyzer | create_engine        | Created NLP engine: spacy. Loaded models: ['en']
2026-08-20 06:10:34,920 | INFO  | SBA  | guard_input          | Input guard passed
2026-08-20 06:10:35,071 | INFO  | SBA  | memory_node          | MEMORY DEBUG | message_count=1
2026-08-20 06:10:35,072 | INFO  | SBA  | memory_node          | MEMORY DEBUG | HumanMessage : Hi 
2026-08-20 06:10:35,446 | INFO  | SBA  | event_generator      | Streaming route selected | route=small_talks
2026-08-20 06:10:45,107 | INFO  | SBA  | guard_output         | Output PII guard applied
2026-08-20 06:10:53,624 | INFO  | SBA  | stream_query         | ============================================================
2026-08-20 06:10:53,624 | INFO  | SBA  | stream_query         | Streaming query received | query=how are you doing ?
2026-08-20 06:10:53,626 | INFO  | SBA  | stream_query         | ============================================================
2026-08-20 06:10:54,516 | INFO  | SBA  | guard_input          | Input guard passed
2026-08-20 06:10:54,526 | INFO  | SBA  | memory_node          | MEMORY DEBUG | message_count=3
2026-08-20 06:10:54,526 | INFO  | SBA  | memory_node          | MEMORY DEBUG | HumanMessage : Hi 
2026-08-20 06:10:54,527 | INFO  | SBA  | memory_node          | MEMORY DEBUG | AIMessage : Hello! Welcome to NorthStar Bank Smart Assistant. How can I help you today?
2026-08-20 06:10:54,527 | INFO  | SBA  | memory_node          | MEMORY DEBUG | HumanMessage : how are you doing ?
2026-08-20 06:10:55,046 | INFO  | SBA  | event_generator      | Streaming route selected | route=small_talks
2026-08-20 06:10:55,432 | INFO  | SBA  | guard_output         | Output PII guard applied
2026-08-20 06:11:22,453 | INFO  | SBA  | stream_query         | ============================================================
2026-08-20 06:11:22,454 | INFO  | SBA  | stream_query         | Streaming query received | query=show customer details
2026-08-20 06:11:22,455 | INFO  | SBA  | stream_query         | ============================================================
2026-08-20 06:11:23,418 | INFO  | SBA  | guard_input          | Input guard passed
2026-08-20 06:11:23,428 | INFO  | SBA  | memory_node          | MEMORY DEBUG | message_count=5
2026-08-20 06:11:23,428 | INFO  | SBA  | memory_node          | MEMORY DEBUG | HumanMessage : Hi 
2026-08-20 06:11:23,429 | INFO  | SBA  | memory_node          | MEMORY DEBUG | AIMessage : Hello! Welcome to NorthStar Bank Smart Assistant. How can I help you today?
2026-08-20 06:11:23,429 | INFO  | SBA  | memory_node          | MEMORY DEBUG | HumanMessage : how are you doing ?
2026-08-20 06:11:23,430 | INFO  | SBA  | memory_node          | MEMORY DEBUG | AIMessage : I'm doing well, thank you! I'm here to help with your banking needs.
2026-08-20 06:11:23,430 | INFO  | SBA  | memory_node          | MEMORY DEBUG | HumanMessage : show customer details
2026-08-20 06:11:25,176 | INFO  | SBA  | process_natural_language_query | Natural-language SQL pipeline started
2026-08-20 06:11:25,177 | INFO  | SBA  | generate_sql         | SQL generation started
2026-08-20 06:11:28,460 | INFO  | SBA  | generate_sql         | SQL generation completed :SELECT
    account_id,
    customer_name,
    account_type,
    branch_code,
    ifsc_code,
    mobile,
    email,
    kyc_status,
    created_at
FROM accounts
ORDER BY created_at DESC
LIMIT 100;
2026-08-20 06:11:28,462 | INFO  | SBA  | process_natural_language_query | Generated SQL passed validation
2026-08-20 06:11:28,463 | INFO  | SBA  | execute_sql          | SQL execution started :SELECT
    account_id,
    customer_name,
    account_type,
    branch_code,
    ifsc_code,
    mobile,
    email,
    kyc_status,
    created_at
FROM accounts
ORDER BY created_at DESC
LIMIT 100;
2026-08-20 06:11:28,806 | INFO  | SBA  | execute_sql          | SQL execution completed | row_count=8
2026-08-20 06:11:28,806 | INFO  | SBA  | process_natural_language_query | Natural-language SQL pipeline completed | success=True | row_count=8
2026-08-20 06:11:28,808 | INFO  | SBA  | sql_node             | SQL processing completed | row_count=8
2026-08-20 06:11:28,810 | INFO  | SBA  | merge_node           | Merge node started | route=sql
2026-08-20 06:11:28,812 | INFO  | SBA  | merge_node           | SQL merge state sources=[{'source_type': 'database', 'source_name': 'NorthStar Bank Customer Database'}]
2026-08-20 06:11:28,812 | INFO  | SBA  | merge_node           | Merge completed | route=sql
2026-08-20 06:11:28,962 | INFO  | SBA  | guard_output         | Output PII guard applied
2026-08-20 06:11:29,069 | INFO  | SBA  | event_generator      | Streaming route selected | route=sql
2026-08-20 06:11:29,209 | INFO  | SBA  | guard_output         | Output PII guard applied
2026-08-20 06:13:17,047 | INFO  | SBA  | stream_query         | ============================================================
2026-08-20 06:13:17,047 | INFO  | SBA  | stream_query         | Streaming query received | query=summarize my chat history
2026-08-20 06:13:17,048 | INFO  | SBA  | stream_query         | ============================================================
2026-08-20 06:13:18,137 | INFO  | SBA  | guard_input          | Input guard passed
2026-08-20 06:13:18,145 | INFO  | SBA  | memory_node          | MEMORY DEBUG | message_count=7
2026-08-20 06:13:18,146 | INFO  | SBA  | memory_node          | MEMORY DEBUG | HumanMessage : Hi 
2026-08-20 06:13:18,146 | INFO  | SBA  | memory_node          | MEMORY DEBUG | AIMessage : Hello! Welcome to NorthStar Bank Smart Assistant. How can I help you today?
2026-08-20 06:13:18,147 | INFO  | SBA  | memory_node          | MEMORY DEBUG | HumanMessage : how are you doing ?
2026-08-20 06:13:18,147 | INFO  | SBA  | memory_node          | MEMORY DEBUG | AIMessage : I'm doing well, thank you! I'm here to help with your banking needs.
2026-08-20 06:13:18,148 | INFO  | SBA  | memory_node          | MEMORY DEBUG | HumanMessage : show customer details
2026-08-20 06:13:18,149 | INFO  | SBA  | memory_node          | MEMORY DEBUG | AIMessage : I found 8 matching records.
2026-08-20 06:13:18,149 | INFO  | SBA  | memory_node          | MEMORY DEBUG | HumanMessage : summarize my chat history
2026-08-20 06:13:18,150 | INFO  | SBA  | answer_from_conversation_memory | Conversation memory retrieved | message_count=7
2026-08-20 06:13:20,397 | INFO  | SBA  | answer_from_conversation_memory | Memory answer generated: Here’s a short summary of your chat history:

- You greeted the assistant by saying “Hi.”
- You asked how the assistant was doing.
- You requested to “show customer details.”
- The assistant found 8 matching customer records.
- You then asked to summarize your chat history.
2026-08-20 06:13:20,510 | INFO  | SBA  | event_generator      | Streaming route selected | route=memory
2026-08-20 06:13:20,772 | INFO  | SBA  | guard_output         | Output PII guard applied
2026-08-20 06:18:40,165 | INFO  | presidio-analyzer | __init__             | Using device of type: cpu
2026-08-20 06:19:07,025 | INFO  | presidio-analyzer | __init__             | Using device of type: cpu
2026-08-20 06:19:44,829 | INFO  | presidio-analyzer | __init__             | Using device of type: cpu
2026-08-20 06:20:43,973 | INFO  | presidio-analyzer | __init__             | Using device of type: cpu
2026-08-20 06:23:01,249 | INFO  | presidio-analyzer | __init__             | Using device of type: cpu
2026-08-20 06:29:49,088 | INFO  | presidio-analyzer | __init__             | Using device of type: cpu
2026-08-20 06:30:18,966 | INFO  | presidio-analyzer | __init__             | Using device of type: cpu
2026-08-20 06:32:30,624 | INFO  | presidio-analyzer | __init__             | Using device of type: cpu
2026-08-20 06:32:58,418 | INFO  | presidio-analyzer | __init__             | Using device of type: cpu
2026-08-20 06:33:29,676 | INFO  | presidio-analyzer | __init__             | Using device of type: cpu
2026-08-20 06:33:54,647 | INFO  | presidio-analyzer | __init__             | Using device of type: cpu
2026-08-20 06:34:43,468 | INFO  | presidio-analyzer | __init__             | Using device of type: cpu
2026-08-20 06:35:56,983 | INFO  | presidio-analyzer | __init__             | Using device of type: cpu
2026-08-20 06:36:22,352 | INFO  | presidio-analyzer | __init__             | Using device of type: cpu
2026-08-20 06:40:58,828 | INFO  | SBA  | stream_query         | ============================================================
2026-08-20 06:40:58,829 | INFO  | SBA  | stream_query         | Streaming query received | query=show customer details
2026-08-20 06:40:58,829 | INFO  | SBA  | stream_query         | ============================================================
2026-08-20 06:41:00,317 | INFO  | gliner.model | from_pretrained      | Loading the following GLiNER type: <class 'gliner.model.UniEncoderSpanGLiNER'>...
2026-08-20 06:41:00,541 | WARNING | huggingface_hub.utils._http | _warn_on_warning_headers | Warning: You are sending unauthenticated requests to the HF Hub. Please set a HF_TOKEN to enable higher rate limits and faster downloads.
2026-08-20 06:41:05,585 | INFO  | presidio-analyzer | __init__             | Loaded recognizer: GLiNERRecognizer
2026-08-20 06:41:05,630 | INFO  | presidio-analyzer | __init__             | Loaded recognizer: CreditCardRecognizer
2026-08-20 06:41:05,631 | INFO  | presidio-analyzer | __init__             | Loaded recognizer: CreditCardRecognizer
2026-08-20 06:41:05,631 | INFO  | presidio-analyzer | __init__             | Loaded recognizer: CreditCardRecognizer
2026-08-20 06:41:05,633 | INFO  | presidio-analyzer | __init__             | Loaded recognizer: CreditCardRecognizer
2026-08-20 06:41:05,633 | INFO  | presidio-analyzer | __init__             | Loaded recognizer: UsBankRecognizer
2026-08-20 06:41:05,634 | INFO  | presidio-analyzer | __init__             | Loaded recognizer: UsLicenseRecognizer
2026-08-20 06:41:05,634 | INFO  | presidio-analyzer | __init__             | Loaded recognizer: UsItinRecognizer
2026-08-20 06:41:05,635 | INFO  | presidio-analyzer | __init__             | Loaded recognizer: UsPassportRecognizer
2026-08-20 06:41:05,635 | INFO  | presidio-analyzer | __init__             | Loaded recognizer: UsSsnRecognizer
2026-08-20 06:41:05,636 | INFO  | presidio-analyzer | __init__             | Loaded recognizer: NhsRecognizer
2026-08-20 06:41:05,636 | INFO  | presidio-analyzer | __init__             | Loaded recognizer: EsNifRecognizer
2026-08-20 06:41:05,637 | INFO  | presidio-analyzer | __init__             | Loaded recognizer: EsNieRecognizer
2026-08-20 06:41:05,637 | INFO  | presidio-analyzer | __init__             | Loaded recognizer: ItDriverLicenseRecognizer
2026-08-20 06:41:05,638 | INFO  | presidio-analyzer | __init__             | Loaded recognizer: ItFiscalCodeRecognizer
2026-08-20 06:41:05,638 | INFO  | presidio-analyzer | __init__             | Loaded recognizer: ItVatCodeRecognizer
2026-08-20 06:41:05,639 | INFO  | presidio-analyzer | __init__             | Loaded recognizer: ItIdentityCardRecognizer
2026-08-20 06:41:05,639 | INFO  | presidio-analyzer | __init__             | Loaded recognizer: ItPassportRecognizer
2026-08-20 06:41:05,640 | INFO  | presidio-analyzer | __init__             | Loaded recognizer: PlPeselRecognizer
2026-08-20 06:41:05,640 | INFO  | presidio-analyzer | __init__             | Loaded recognizer: CryptoRecognizer
2026-08-20 06:41:05,641 | INFO  | presidio-analyzer | __init__             | Loaded recognizer: DateRecognizer
2026-08-20 06:41:05,641 | INFO  | presidio-analyzer | __init__             | Loaded recognizer: EmailRecognizer
2026-08-20 06:41:05,643 | INFO  | presidio-analyzer | __init__             | Loaded recognizer: IbanRecognizer
2026-08-20 06:41:05,644 | INFO  | presidio-analyzer | __init__             | Loaded recognizer: IpRecognizer
2026-08-20 06:41:05,644 | INFO  | presidio-analyzer | __init__             | Loaded recognizer: MedicalLicenseRecognizer
2026-08-20 06:41:05,644 | INFO  | presidio-analyzer | __init__             | Loaded recognizer: MacAddressRecognizer
2026-08-20 06:41:05,645 | INFO  | presidio-analyzer | __init__             | Loaded recognizer: PhoneRecognizer
2026-08-20 06:41:05,645 | INFO  | presidio-analyzer | __init__             | Loaded recognizer: UrlRecognizer
2026-08-20 06:41:05,646 | WARNING | presidio-analyzer | _is_language_supported_globally | Recognizer not added to registry because language is not supported by registry - CreditCardRecognizer supported languages: es, registry supported languages: en
2026-08-20 06:41:05,646 | WARNING | presidio-analyzer | _is_language_supported_globally | Recognizer not added to registry because language is not supported by registry - CreditCardRecognizer supported languages: it, registry supported languages: en
2026-08-20 06:41:05,647 | WARNING | presidio-analyzer | _is_language_supported_globally | Recognizer not added to registry because language is not supported by registry - CreditCardRecognizer supported languages: pl, registry supported languages: en
2026-08-20 06:41:05,647 | WARNING | presidio-analyzer | _is_language_supported_globally | Recognizer not added to registry because language is not supported by registry - EsNifRecognizer supported languages: es, registry supported languages: en
2026-08-20 06:41:05,648 | WARNING | presidio-analyzer | _is_language_supported_globally | Recognizer not added to registry because language is not supported by registry - EsNieRecognizer supported languages: es, registry supported languages: en
2026-08-20 06:41:05,648 | WARNING | presidio-analyzer | _is_language_supported_globally | Recognizer not added to registry because language is not supported by registry - ItDriverLicenseRecognizer supported languages: it, registry supported languages: en
2026-08-20 06:41:05,649 | WARNING | presidio-analyzer | _is_language_supported_globally | Recognizer not added to registry because language is not supported by registry - ItFiscalCodeRecognizer supported languages: it, registry supported languages: en
2026-08-20 06:41:05,649 | WARNING | presidio-analyzer | _is_language_supported_globally | Recognizer not added to registry because language is not supported by registry - ItVatCodeRecognizer supported languages: it, registry supported languages: en
2026-08-20 06:41:05,649 | WARNING | presidio-analyzer | _is_language_supported_globally | Recognizer not added to registry because language is not supported by registry - ItIdentityCardRecognizer supported languages: it, registry supported languages: en
2026-08-20 06:41:05,650 | WARNING | presidio-analyzer | _is_language_supported_globally | Recognizer not added to registry because language is not supported by registry - ItPassportRecognizer supported languages: it, registry supported languages: en
2026-08-20 06:41:05,650 | WARNING | presidio-analyzer | _is_language_supported_globally | Recognizer not added to registry because language is not supported by registry - PlPeselRecognizer supported languages: pl, registry supported languages: en
2026-08-20 06:41:05,651 | INFO  | presidio-analyzer | __init__             | Loaded recognizer: SpacyRecognizer
2026-08-20 06:41:05,651 | INFO  | presidio-analyzer | __init__             | nlp_engine not provided, creating default.
2026-08-20 06:41:07,423 | INFO  | presidio-analyzer | create_engine        | Created NLP engine: spacy. Loaded models: ['en']
2026-08-20 06:41:08,443 | INFO  | SBA  | guard_input          | Input guard passed
2026-08-20 06:41:08,559 | INFO  | SBA  | memory_node          | MEMORY DEBUG | message_count=9
2026-08-20 06:41:08,559 | INFO  | SBA  | memory_node          | MEMORY DEBUG | HumanMessage : Hi 
2026-08-20 06:41:08,561 | INFO  | SBA  | memory_node          | MEMORY DEBUG | AIMessage : Hello! Welcome to NorthStar Bank Smart Assistant. How can I help you today?
2026-08-20 06:41:08,562 | INFO  | SBA  | memory_node          | MEMORY DEBUG | HumanMessage : how are you doing ?
2026-08-20 06:41:08,562 | INFO  | SBA  | memory_node          | MEMORY DEBUG | AIMessage : I'm doing well, thank you! I'm here to help with your banking needs.
2026-08-20 06:41:08,563 | INFO  | SBA  | memory_node          | MEMORY DEBUG | HumanMessage : show customer details
2026-08-20 06:41:08,563 | INFO  | SBA  | memory_node          | MEMORY DEBUG | AIMessage : I found 8 matching records.
2026-08-20 06:41:08,564 | INFO  | SBA  | memory_node          | MEMORY DEBUG | HumanMessage : summarize my chat history
2026-08-20 06:41:08,564 | INFO  | SBA  | memory_node          | MEMORY DEBUG | AIMessage : Here’s a short summary of your chat history:

- You greeted the assistant by saying “Hi.”
- You asked how the assistant was doing.
- You requested to “show customer details.”
- The assistant found 8 matching customer records.
- You then asked to summarize your chat history.
2026-08-20 06:41:08,565 | INFO  | SBA  | memory_node          | MEMORY DEBUG | HumanMessage : show customer details
2026-08-20 06:41:10,349 | INFO  | SBA  | process_natural_language_query | Natural-language SQL pipeline started
2026-08-20 06:41:10,350 | INFO  | SBA  | generate_sql         | SQL generation started
2026-08-20 06:41:13,901 | INFO  | SBA  | generate_sql         | SQL generation completed :SELECT
    account_id,
    customer_name,
    account_type,
    branch_code,
    ifsc_code,
    mobile,
    email,
    kyc_status,
    created_at
FROM accounts
LIMIT 100;
2026-08-20 06:41:13,902 | INFO  | SBA  | process_natural_language_query | Generated SQL passed validation
2026-08-20 06:41:13,903 | INFO  | SBA  | execute_sql          | SQL execution started :SELECT
    account_id,
    customer_name,
    account_type,
    branch_code,
    ifsc_code,
    mobile,
    email,
    kyc_status,
    created_at
FROM accounts
LIMIT 100;
2026-08-20 06:41:13,951 | INFO  | SBA  | execute_sql          | SQL execution completed | row_count=8
2026-08-20 06:41:13,951 | INFO  | SBA  | process_natural_language_query | Natural-language SQL pipeline completed | success=True | row_count=8
2026-08-20 06:41:13,953 | INFO  | SBA  | sql_node             | SQL processing completed | row_count=8
2026-08-20 06:41:13,956 | INFO  | SBA  | merge_node           | Merge node started | route=sql
2026-08-20 06:41:13,956 | INFO  | SBA  | merge_node           | SQL merge state sources=[{'source_type': 'database', 'source_name': 'NorthStar Bank Customer Database'}]
2026-08-20 06:41:13,957 | INFO  | SBA  | merge_node           | Merge completed | route=sql
2026-08-20 06:41:14,237 | INFO  | SBA  | guard_output         | Output PII guard applied
2026-08-20 06:41:14,350 | INFO  | SBA  | event_generator      | Streaming route selected | route=sql
2026-08-20 06:41:14,513 | INFO  | SBA  | guard_output         | Output PII guard applied
2026-08-20 06:41:14,514 | ERROR | SBA  | guard_sql_result     | SQL PII masking failed
Traceback (most recent call last):
  File "c:\agentic_ai_course\smart-banking-assistant\src\common\guardrails.py", line 138, in guard_sql_result
    json_text = json.dumps(
        data
    )
  File "C:\Program Files\Python313\Lib\json\__init__.py", line 235, in dumps
    return _default_encoder.encode(obj)
           ~~~~~~~~~~~~~~~~~~~~~~~^^^^^
  File "C:\Program Files\Python313\Lib\json\encoder.py", line 202, in encode
    chunks = self.iterencode(o, _one_shot=True)
  File "C:\Program Files\Python313\Lib\json\encoder.py", line 263, in iterencode
    return _iterencode(o, 0)
  File "C:\Program Files\Python313\Lib\json\encoder.py", line 182, in default
    raise TypeError(f'Object of type {o.__class__.__name__} '
                    f'is not JSON serializable')
TypeError: Object of type datetime is not JSON serializable
2026-08-20 06:48:18,924 | INFO  | presidio-analyzer | __init__             | Using device of type: cpu
2026-08-20 06:51:17,984 | INFO  | SBA  | stream_query         | ============================================================
2026-08-20 06:51:17,984 | INFO  | SBA  | stream_query         | Streaming query received | query=show customer details
2026-08-20 06:51:17,986 | INFO  | SBA  | stream_query         | ============================================================
2026-08-20 06:51:19,469 | INFO  | gliner.model | from_pretrained      | Loading the following GLiNER type: <class 'gliner.model.UniEncoderSpanGLiNER'>...
2026-08-20 06:51:19,692 | WARNING | huggingface_hub.utils._http | _warn_on_warning_headers | Warning: You are sending unauthenticated requests to the HF Hub. Please set a HF_TOKEN to enable higher rate limits and faster downloads.
2026-08-20 06:51:24,690 | INFO  | presidio-analyzer | __init__             | Loaded recognizer: GLiNERRecognizer
2026-08-20 06:51:24,735 | INFO  | presidio-analyzer | __init__             | Loaded recognizer: CreditCardRecognizer
2026-08-20 06:51:24,736 | INFO  | presidio-analyzer | __init__             | Loaded recognizer: CreditCardRecognizer
2026-08-20 06:51:24,737 | INFO  | presidio-analyzer | __init__             | Loaded recognizer: CreditCardRecognizer
2026-08-20 06:51:24,738 | INFO  | presidio-analyzer | __init__             | Loaded recognizer: CreditCardRecognizer
2026-08-20 06:51:24,738 | INFO  | presidio-analyzer | __init__             | Loaded recognizer: UsBankRecognizer
2026-08-20 06:51:24,739 | INFO  | presidio-analyzer | __init__             | Loaded recognizer: UsLicenseRecognizer
2026-08-20 06:51:24,739 | INFO  | presidio-analyzer | __init__             | Loaded recognizer: UsItinRecognizer
2026-08-20 06:51:24,740 | INFO  | presidio-analyzer | __init__             | Loaded recognizer: UsPassportRecognizer
2026-08-20 06:51:24,740 | INFO  | presidio-analyzer | __init__             | Loaded recognizer: UsSsnRecognizer
2026-08-20 06:51:24,742 | INFO  | presidio-analyzer | __init__             | Loaded recognizer: NhsRecognizer
2026-08-20 06:51:24,742 | INFO  | presidio-analyzer | __init__             | Loaded recognizer: EsNifRecognizer
2026-08-20 06:51:24,743 | INFO  | presidio-analyzer | __init__             | Loaded recognizer: EsNieRecognizer
2026-08-20 06:51:24,743 | INFO  | presidio-analyzer | __init__             | Loaded recognizer: ItDriverLicenseRecognizer
2026-08-20 06:51:24,744 | INFO  | presidio-analyzer | __init__             | Loaded recognizer: ItFiscalCodeRecognizer
2026-08-20 06:51:24,744 | INFO  | presidio-analyzer | __init__             | Loaded recognizer: ItVatCodeRecognizer
2026-08-20 06:51:24,745 | INFO  | presidio-analyzer | __init__             | Loaded recognizer: ItIdentityCardRecognizer
2026-08-20 06:51:24,745 | INFO  | presidio-analyzer | __init__             | Loaded recognizer: ItPassportRecognizer
2026-08-20 06:51:24,745 | INFO  | presidio-analyzer | __init__             | Loaded recognizer: PlPeselRecognizer
2026-08-20 06:51:24,746 | INFO  | presidio-analyzer | __init__             | Loaded recognizer: CryptoRecognizer
2026-08-20 06:51:24,747 | INFO  | presidio-analyzer | __init__             | Loaded recognizer: DateRecognizer
2026-08-20 06:51:24,747 | INFO  | presidio-analyzer | __init__             | Loaded recognizer: EmailRecognizer
2026-08-20 06:51:24,748 | INFO  | presidio-analyzer | __init__             | Loaded recognizer: IbanRecognizer
2026-08-20 06:51:24,748 | INFO  | presidio-analyzer | __init__             | Loaded recognizer: IpRecognizer
2026-08-20 06:51:24,749 | INFO  | presidio-analyzer | __init__             | Loaded recognizer: MedicalLicenseRecognizer
2026-08-20 06:51:24,749 | INFO  | presidio-analyzer | __init__             | Loaded recognizer: MacAddressRecognizer
2026-08-20 06:51:24,750 | INFO  | presidio-analyzer | __init__             | Loaded recognizer: PhoneRecognizer
2026-08-20 06:51:24,750 | INFO  | presidio-analyzer | __init__             | Loaded recognizer: UrlRecognizer
2026-08-20 06:51:24,751 | WARNING | presidio-analyzer | _is_language_supported_globally | Recognizer not added to registry because language is not supported by registry - CreditCardRecognizer supported languages: es, registry supported languages: en
2026-08-20 06:51:24,751 | WARNING | presidio-analyzer | _is_language_supported_globally | Recognizer not added to registry because language is not supported by registry - CreditCardRecognizer supported languages: it, registry supported languages: en
2026-08-20 06:51:24,751 | WARNING | presidio-analyzer | _is_language_supported_globally | Recognizer not added to registry because language is not supported by registry - CreditCardRecognizer supported languages: pl, registry supported languages: en
2026-08-20 06:51:24,752 | WARNING | presidio-analyzer | _is_language_supported_globally | Recognizer not added to registry because language is not supported by registry - EsNifRecognizer supported languages: es, registry supported languages: en
2026-08-20 06:51:24,752 | WARNING | presidio-analyzer | _is_language_supported_globally | Recognizer not added to registry because language is not supported by registry - EsNieRecognizer supported languages: es, registry supported languages: en
2026-08-20 06:51:24,753 | WARNING | presidio-analyzer | _is_language_supported_globally | Recognizer not added to registry because language is not supported by registry - ItDriverLicenseRecognizer supported languages: it, registry supported languages: en
2026-08-20 06:51:24,753 | WARNING | presidio-analyzer | _is_language_supported_globally | Recognizer not added to registry because language is not supported by registry - ItFiscalCodeRecognizer supported languages: it, registry supported languages: en
2026-08-20 06:51:24,754 | WARNING | presidio-analyzer | _is_language_supported_globally | Recognizer not added to registry because language is not supported by registry - ItVatCodeRecognizer supported languages: it, registry supported languages: en
2026-08-20 06:51:24,754 | WARNING | presidio-analyzer | _is_language_supported_globally | Recognizer not added to registry because language is not supported by registry - ItIdentityCardRecognizer supported languages: it, registry supported languages: en
2026-08-20 06:51:24,755 | WARNING | presidio-analyzer | _is_language_supported_globally | Recognizer not added to registry because language is not supported by registry - ItPassportRecognizer supported languages: it, registry supported languages: en
2026-08-20 06:51:24,755 | WARNING | presidio-analyzer | _is_language_supported_globally | Recognizer not added to registry because language is not supported by registry - PlPeselRecognizer supported languages: pl, registry supported languages: en
2026-08-20 06:51:24,756 | INFO  | presidio-analyzer | __init__             | Loaded recognizer: SpacyRecognizer
2026-08-20 06:51:24,756 | INFO  | presidio-analyzer | __init__             | nlp_engine not provided, creating default.
2026-08-20 06:51:26,413 | INFO  | presidio-analyzer | create_engine        | Created NLP engine: spacy. Loaded models: ['en']
2026-08-20 06:51:27,483 | INFO  | SBA  | guard_input          | Input guard passed
2026-08-20 06:51:27,549 | INFO  | SBA  | memory_node          | MEMORY DEBUG | message_count=11
2026-08-20 06:51:27,549 | INFO  | SBA  | memory_node          | MEMORY DEBUG | HumanMessage : Hi 
2026-08-20 06:51:27,551 | INFO  | SBA  | memory_node          | MEMORY DEBUG | AIMessage : Hello! Welcome to NorthStar Bank Smart Assistant. How can I help you today?
2026-08-20 06:51:27,551 | INFO  | SBA  | memory_node          | MEMORY DEBUG | HumanMessage : how are you doing ?
2026-08-20 06:51:27,552 | INFO  | SBA  | memory_node          | MEMORY DEBUG | AIMessage : I'm doing well, thank you! I'm here to help with your banking needs.
2026-08-20 06:51:27,552 | INFO  | SBA  | memory_node          | MEMORY DEBUG | HumanMessage : show customer details
2026-08-20 06:51:27,553 | INFO  | SBA  | memory_node          | MEMORY DEBUG | AIMessage : I found 8 matching records.
2026-08-20 06:51:27,553 | INFO  | SBA  | memory_node          | MEMORY DEBUG | HumanMessage : summarize my chat history
2026-08-20 06:51:27,554 | INFO  | SBA  | memory_node          | MEMORY DEBUG | AIMessage : Here’s a short summary of your chat history:

- You greeted the assistant by saying “Hi.”
- You asked how the assistant was doing.
- You requested to “show customer details.”
- The assistant found 8 matching customer records.
- You then asked to summarize your chat history.
2026-08-20 06:51:27,555 | INFO  | SBA  | memory_node          | MEMORY DEBUG | HumanMessage : show customer details
2026-08-20 06:51:27,555 | INFO  | SBA  | memory_node          | MEMORY DEBUG | AIMessage : I found 8 matching records.
2026-08-20 06:51:27,556 | INFO  | SBA  | memory_node          | MEMORY DEBUG | HumanMessage : show customer details
2026-08-20 06:51:29,369 | INFO  | SBA  | process_natural_language_query | Natural-language SQL pipeline started
2026-08-20 06:51:29,371 | INFO  | SBA  | generate_sql         | SQL generation started
2026-08-20 06:51:31,928 | INFO  | SBA  | generate_sql         | SQL generation completed :SELECT
    account_id,
    customer_name,
    account_type,
    branch_code,
    ifsc_code,
    mobile,
    email,
    kyc_status,
    created_at
FROM accounts
ORDER BY created_at DESC
LIMIT 100;
2026-08-20 06:51:31,929 | INFO  | SBA  | process_natural_language_query | Generated SQL passed validation
2026-08-20 06:51:31,931 | INFO  | SBA  | execute_sql          | SQL execution started :SELECT
    account_id,
    customer_name,
    account_type,
    branch_code,
    ifsc_code,
    mobile,
    email,
    kyc_status,
    created_at
FROM accounts
ORDER BY created_at DESC
LIMIT 100;
2026-08-20 06:51:31,977 | INFO  | SBA  | execute_sql          | SQL execution completed | row_count=8
2026-08-20 06:51:31,978 | INFO  | SBA  | process_natural_language_query | Natural-language SQL pipeline completed | success=True | row_count=8
2026-08-20 06:51:31,979 | INFO  | SBA  | sql_node             | SQL processing completed | row_count=8
2026-08-20 06:51:31,982 | INFO  | SBA  | merge_node           | Merge node started | route=sql
2026-08-20 06:51:31,982 | INFO  | SBA  | merge_node           | SQL merge state sources=[{'source_type': 'database', 'source_name': 'NorthStar Bank Customer Database'}]
2026-08-20 06:51:31,983 | INFO  | SBA  | merge_node           | Merge completed | route=sql
2026-08-20 06:51:32,231 | INFO  | SBA  | guard_output         | Output PII guard applied
2026-08-20 06:51:32,336 | INFO  | SBA  | event_generator      | Streaming route selected | route=sql
2026-08-20 06:51:32,475 | INFO  | SBA  | guard_output         | Output PII guard applied
2026-08-20 06:51:34,729 | INFO  | SBA  | guard_output         | Output PII guard applied
2026-08-20 06:58:49,631 | INFO  | presidio-analyzer | __init__             | Using device of type: cpu
2026-08-20 06:59:15,557 | INFO  | presidio-analyzer | __init__             | Using device of type: cpu
2026-08-20 07:00:53,564 | INFO  | presidio-analyzer | __init__             | Using device of type: cpu
2026-08-20 07:01:30,920 | INFO  | presidio-analyzer | __init__             | Using device of type: cpu
2026-08-20 07:01:54,942 | INFO  | presidio-analyzer | __init__             | Using device of type: cpu
2026-08-20 07:02:20,774 | INFO  | SBA  | stream_query         | ============================================================
2026-08-20 07:02:20,774 | INFO  | SBA  | stream_query         | Streaming query received | query=show customer details
2026-08-20 07:02:20,775 | INFO  | SBA  | stream_query         | ============================================================
2026-08-20 07:02:22,120 | INFO  | gliner.model | from_pretrained      | Loading the following GLiNER type: <class 'gliner.model.UniEncoderSpanGLiNER'>...
2026-08-20 07:02:22,331 | WARNING | huggingface_hub.utils._http | _warn_on_warning_headers | Warning: You are sending unauthenticated requests to the HF Hub. Please set a HF_TOKEN to enable higher rate limits and faster downloads.
2026-08-20 07:02:27,160 | INFO  | presidio-analyzer | __init__             | Loaded recognizer: GLiNERRecognizer
2026-08-20 07:02:27,193 | INFO  | presidio-analyzer | __init__             | Loaded recognizer: CreditCardRecognizer
2026-08-20 07:02:27,193 | INFO  | presidio-analyzer | __init__             | Loaded recognizer: CreditCardRecognizer
2026-08-20 07:02:27,195 | INFO  | presidio-analyzer | __init__             | Loaded recognizer: CreditCardRecognizer
2026-08-20 07:02:27,195 | INFO  | presidio-analyzer | __init__             | Loaded recognizer: CreditCardRecognizer
2026-08-20 07:02:27,196 | INFO  | presidio-analyzer | __init__             | Loaded recognizer: UsBankRecognizer
2026-08-20 07:02:27,196 | INFO  | presidio-analyzer | __init__             | Loaded recognizer: UsLicenseRecognizer
2026-08-20 07:02:27,197 | INFO  | presidio-analyzer | __init__             | Loaded recognizer: UsItinRecognizer
2026-08-20 07:02:27,197 | INFO  | presidio-analyzer | __init__             | Loaded recognizer: UsPassportRecognizer
2026-08-20 07:02:27,198 | INFO  | presidio-analyzer | __init__             | Loaded recognizer: UsSsnRecognizer
2026-08-20 07:02:27,198 | INFO  | presidio-analyzer | __init__             | Loaded recognizer: NhsRecognizer
2026-08-20 07:02:27,199 | INFO  | presidio-analyzer | __init__             | Loaded recognizer: EsNifRecognizer
2026-08-20 07:02:27,199 | INFO  | presidio-analyzer | __init__             | Loaded recognizer: EsNieRecognizer
2026-08-20 07:02:27,200 | INFO  | presidio-analyzer | __init__             | Loaded recognizer: ItDriverLicenseRecognizer
2026-08-20 07:02:27,200 | INFO  | presidio-analyzer | __init__             | Loaded recognizer: ItFiscalCodeRecognizer
2026-08-20 07:02:27,201 | INFO  | presidio-analyzer | __init__             | Loaded recognizer: ItVatCodeRecognizer
2026-08-20 07:02:27,201 | INFO  | presidio-analyzer | __init__             | Loaded recognizer: ItIdentityCardRecognizer
2026-08-20 07:02:27,201 | INFO  | presidio-analyzer | __init__             | Loaded recognizer: ItPassportRecognizer
2026-08-20 07:02:27,202 | INFO  | presidio-analyzer | __init__             | Loaded recognizer: PlPeselRecognizer
2026-08-20 07:02:27,202 | INFO  | presidio-analyzer | __init__             | Loaded recognizer: CryptoRecognizer
2026-08-20 07:02:27,204 | INFO  | presidio-analyzer | __init__             | Loaded recognizer: DateRecognizer
2026-08-20 07:02:27,205 | INFO  | presidio-analyzer | __init__             | Loaded recognizer: EmailRecognizer
2026-08-20 07:02:27,205 | INFO  | presidio-analyzer | __init__             | Loaded recognizer: IbanRecognizer
2026-08-20 07:02:27,206 | INFO  | presidio-analyzer | __init__             | Loaded recognizer: IpRecognizer
2026-08-20 07:02:27,206 | INFO  | presidio-analyzer | __init__             | Loaded recognizer: MedicalLicenseRecognizer
2026-08-20 07:02:27,207 | INFO  | presidio-analyzer | __init__             | Loaded recognizer: MacAddressRecognizer
2026-08-20 07:02:27,208 | INFO  | presidio-analyzer | __init__             | Loaded recognizer: PhoneRecognizer
2026-08-20 07:02:27,208 | INFO  | presidio-analyzer | __init__             | Loaded recognizer: UrlRecognizer
2026-08-20 07:02:27,209 | WARNING | presidio-analyzer | _is_language_supported_globally | Recognizer not added to registry because language is not supported by registry - CreditCardRecognizer supported languages: es, registry supported languages: en
2026-08-20 07:02:27,209 | WARNING | presidio-analyzer | _is_language_supported_globally | Recognizer not added to registry because language is not supported by registry - CreditCardRecognizer supported languages: it, registry supported languages: en
2026-08-20 07:02:27,210 | WARNING | presidio-analyzer | _is_language_supported_globally | Recognizer not added to registry because language is not supported by registry - CreditCardRecognizer supported languages: pl, registry supported languages: en
2026-08-20 07:02:27,210 | WARNING | presidio-analyzer | _is_language_supported_globally | Recognizer not added to registry because language is not supported by registry - EsNifRecognizer supported languages: es, registry supported languages: en
2026-08-20 07:02:27,211 | WARNING | presidio-analyzer | _is_language_supported_globally | Recognizer not added to registry because language is not supported by registry - EsNieRecognizer supported languages: es, registry supported languages: en
2026-08-20 07:02:27,211 | WARNING | presidio-analyzer | _is_language_supported_globally | Recognizer not added to registry because language is not supported by registry - ItDriverLicenseRecognizer supported languages: it, registry supported languages: en
2026-08-20 07:02:27,212 | WARNING | presidio-analyzer | _is_language_supported_globally | Recognizer not added to registry because language is not supported by registry - ItFiscalCodeRecognizer supported languages: it, registry supported languages: en
2026-08-20 07:02:27,212 | WARNING | presidio-analyzer | _is_language_supported_globally | Recognizer not added to registry because language is not supported by registry - ItVatCodeRecognizer supported languages: it, registry supported languages: en
2026-08-20 07:02:27,212 | WARNING | presidio-analyzer | _is_language_supported_globally | Recognizer not added to registry because language is not supported by registry - ItIdentityCardRecognizer supported languages: it, registry supported languages: en
2026-08-20 07:02:27,215 | WARNING | presidio-analyzer | _is_language_supported_globally | Recognizer not added to registry because language is not supported by registry - ItPassportRecognizer supported languages: it, registry supported languages: en
2026-08-20 07:02:27,215 | WARNING | presidio-analyzer | _is_language_supported_globally | Recognizer not added to registry because language is not supported by registry - PlPeselRecognizer supported languages: pl, registry supported languages: en
2026-08-20 07:02:27,216 | INFO  | presidio-analyzer | __init__             | Loaded recognizer: SpacyRecognizer
2026-08-20 07:02:27,216 | INFO  | presidio-analyzer | __init__             | nlp_engine not provided, creating default.
2026-08-20 07:02:28,804 | INFO  | presidio-analyzer | create_engine        | Created NLP engine: spacy. Loaded models: ['en']
2026-08-20 07:02:29,865 | INFO  | SBA  | guard_input          | Input guard passed
2026-08-20 07:02:29,940 | INFO  | SBA  | memory_node          | MEMORY DEBUG | message_count=13
2026-08-20 07:02:29,940 | INFO  | SBA  | memory_node          | MEMORY DEBUG | HumanMessage : Hi 
2026-08-20 07:02:29,942 | INFO  | SBA  | memory_node          | MEMORY DEBUG | AIMessage : Hello! Welcome to NorthStar Bank Smart Assistant. How can I help you today?
2026-08-20 07:02:29,942 | INFO  | SBA  | memory_node          | MEMORY DEBUG | HumanMessage : how are you doing ?
2026-08-20 07:02:29,943 | INFO  | SBA  | memory_node          | MEMORY DEBUG | AIMessage : I'm doing well, thank you! I'm here to help with your banking needs.
2026-08-20 07:02:29,943 | INFO  | SBA  | memory_node          | MEMORY DEBUG | HumanMessage : show customer details
2026-08-20 07:02:29,944 | INFO  | SBA  | memory_node          | MEMORY DEBUG | AIMessage : I found 8 matching records.
2026-08-20 07:02:29,944 | INFO  | SBA  | memory_node          | MEMORY DEBUG | HumanMessage : summarize my chat history
2026-08-20 07:02:29,945 | INFO  | SBA  | memory_node          | MEMORY DEBUG | AIMessage : Here’s a short summary of your chat history:

- You greeted the assistant by saying “Hi.”
- You asked how the assistant was doing.
- You requested to “show customer details.”
- The assistant found 8 matching customer records.
- You then asked to summarize your chat history.
2026-08-20 07:02:29,945 | INFO  | SBA  | memory_node          | MEMORY DEBUG | HumanMessage : show customer details
2026-08-20 07:02:29,946 | INFO  | SBA  | memory_node          | MEMORY DEBUG | AIMessage : I found 8 matching records.
2026-08-20 07:02:29,946 | INFO  | SBA  | memory_node          | MEMORY DEBUG | HumanMessage : show customer details
2026-08-20 07:02:29,946 | INFO  | SBA  | memory_node          | MEMORY DEBUG | AIMessage : I found 8 matching records.
2026-08-20 07:02:29,947 | INFO  | SBA  | memory_node          | MEMORY DEBUG | HumanMessage : show customer details
2026-08-20 07:02:31,544 | INFO  | SBA  | process_natural_language_query | Natural-language SQL pipeline started
2026-08-20 07:02:31,545 | INFO  | SBA  | generate_sql         | SQL generation started
2026-08-20 07:02:33,898 | INFO  | SBA  | generate_sql         | SQL generation completed :SELECT
    account_id,
    customer_name,
    account_type,
    branch_code,
    ifsc_code,
    mobile,
    email,
    kyc_status,
    created_at
FROM accounts
ORDER BY created_at DESC
LIMIT 100;
2026-08-20 07:02:33,899 | INFO  | SBA  | process_natural_language_query | Generated SQL passed validation
2026-08-20 07:02:33,900 | INFO  | SBA  | execute_sql          | SQL execution started :SELECT
    account_id,
    customer_name,
    account_type,
    branch_code,
    ifsc_code,
    mobile,
    email,
    kyc_status,
    created_at
FROM accounts
ORDER BY created_at DESC
LIMIT 100;
2026-08-20 07:02:33,948 | INFO  | SBA  | execute_sql          | SQL execution completed | row_count=8
2026-08-20 07:02:33,949 | INFO  | SBA  | process_natural_language_query | Natural-language SQL pipeline completed | success=True | row_count=8
2026-08-20 07:02:33,950 | INFO  | SBA  | sql_node             | SQL processing completed | row_count=8
2026-08-20 07:02:33,954 | INFO  | SBA  | merge_node           | Merge node started | route=sql
2026-08-20 07:02:33,954 | INFO  | SBA  | merge_node           | SQL merge state sources=[{'source_type': 'database', 'source_name': 'NorthStar Bank Customer Database'}]
2026-08-20 07:02:33,955 | INFO  | SBA  | merge_node           | Merge completed | route=sql
2026-08-20 07:02:34,223 | INFO  | SBA  | guard_output         | Output PII guard applied
2026-08-20 07:02:34,341 | INFO  | SBA  | event_generator      | Streaming route selected | route=sql
2026-08-20 07:02:34,567 | INFO  | SBA  | guard_output         | Output PII guard applied
2026-08-20 07:02:35,024 | INFO  | SBA  | guard_output         | Output PII guard applied
2026-08-20 07:02:35,331 | INFO  | SBA  | guard_output         | Output PII guard applied
2026-08-20 07:02:35,699 | INFO  | SBA  | guard_output         | Output PII guard applied
2026-08-20 07:02:36,044 | INFO  | SBA  | guard_output         | Output PII guard applied
2026-08-20 07:02:36,393 | INFO  | SBA  | guard_output         | Output PII guard applied
2026-08-20 07:02:36,701 | INFO  | SBA  | guard_output         | Output PII guard applied
2026-08-20 07:02:37,051 | INFO  | SBA  | guard_output         | Output PII guard applied
2026-08-20 07:02:37,396 | INFO  | SBA  | guard_output         | Output PII guard applied
2026-08-20 07:03:21,664 | INFO  | SBA  | stream_query         | ============================================================
2026-08-20 07:03:21,665 | INFO  | SBA  | stream_query         | Streaming query received | query=show credit card details
2026-08-20 07:03:21,666 | INFO  | SBA  | stream_query         | ============================================================
2026-08-20 07:03:22,504 | INFO  | SBA  | guard_input          | Input guard passed
2026-08-20 07:03:22,514 | INFO  | SBA  | memory_node          | MEMORY DEBUG | message_count=15
2026-08-20 07:03:22,514 | INFO  | SBA  | memory_node          | MEMORY DEBUG | HumanMessage : Hi 
2026-08-20 07:03:22,515 | INFO  | SBA  | memory_node          | MEMORY DEBUG | AIMessage : Hello! Welcome to NorthStar Bank Smart Assistant. How can I help you today?
2026-08-20 07:03:22,516 | INFO  | SBA  | memory_node          | MEMORY DEBUG | HumanMessage : how are you doing ?
2026-08-20 07:03:22,517 | INFO  | SBA  | memory_node          | MEMORY DEBUG | AIMessage : I'm doing well, thank you! I'm here to help with your banking needs.
2026-08-20 07:03:22,517 | INFO  | SBA  | memory_node          | MEMORY DEBUG | HumanMessage : show customer details
2026-08-20 07:03:22,518 | INFO  | SBA  | memory_node          | MEMORY DEBUG | AIMessage : I found 8 matching records.
2026-08-20 07:03:22,518 | INFO  | SBA  | memory_node          | MEMORY DEBUG | HumanMessage : summarize my chat history
2026-08-20 07:03:22,519 | INFO  | SBA  | memory_node          | MEMORY DEBUG | AIMessage : Here’s a short summary of your chat history:

- You greeted the assistant by saying “Hi.”
- You asked how the assistant was doing.
- You requested to “show customer details.”
- The assistant found 8 matching customer records.
- You then asked to summarize your chat history.
2026-08-20 07:03:22,519 | INFO  | SBA  | memory_node          | MEMORY DEBUG | HumanMessage : show customer details
2026-08-20 07:03:22,520 | INFO  | SBA  | memory_node          | MEMORY DEBUG | AIMessage : I found 8 matching records.
2026-08-20 07:03:22,520 | INFO  | SBA  | memory_node          | MEMORY DEBUG | HumanMessage : show customer details
2026-08-20 07:03:22,521 | INFO  | SBA  | memory_node          | MEMORY DEBUG | AIMessage : I found 8 matching records.
2026-08-20 07:03:22,521 | INFO  | SBA  | memory_node          | MEMORY DEBUG | HumanMessage : show customer details
2026-08-20 07:03:22,522 | INFO  | SBA  | memory_node          | MEMORY DEBUG | AIMessage : I found 8 matching records.
2026-08-20 07:03:22,523 | INFO  | SBA  | memory_node          | MEMORY DEBUG | HumanMessage : show credit card details
2026-08-20 07:03:24,934 | INFO  | SBA  | rag_node             | RAG processing started
2026-08-20 07:03:24,935 | INFO  | SBA  | hybrid_reranked_search | Hybrid reranked search started 
2026-08-20 07:03:24,936 | INFO  | SBA  | hybrid_search        | Hybrid search started 
2026-08-20 07:03:24,937 | INFO  | SBA  | vector_search        | Vector search started | top_k=20
2026-08-20 07:03:25,794 | INFO  | SBA  | vector_search        | Vector search completed | result_count=20
2026-08-20 07:03:25,795 | INFO  | SBA  | fts_search           | FTS search started | top_k=20
2026-08-20 07:03:26,147 | INFO  | SBA  | fts_search           | FTS search completed | result_count=11
2026-08-20 07:03:26,148 | INFO  | SBA  | rrf_fusion           | RRF fusion completed 
2026-08-20 07:03:26,153 | INFO  | SBA  | hybrid_search        | Hybrid search completed | vector=20 | fts=11 | rrf_results=20
2026-08-20 07:03:26,601 | INFO  | SBA  | is_retrieval_relevant | Re-Ranking Bes scrore :0.32798085 >= 0.3
2026-08-20 07:03:26,602 | INFO  | SBA  | _generate_rag_answer | RAG answer generation started
2026-08-20 07:03:29,954 | INFO  | SBA  | _generate_rag_answer | RAG answer generation completed
2026-08-20 07:03:29,954 | INFO  | SBA  | answer_rag_query     | RAG query completed
2026-08-20 07:03:29,955 | INFO  | SBA  | rag_node             | RAG processing completed 
2026-08-20 07:03:29,964 | INFO  | SBA  | merge_node           | Merge node started | route=rag
2026-08-20 07:03:29,965 | INFO  | SBA  | merge_node           | Merge completed | route=rag
2026-08-20 07:03:30,425 | INFO  | SBA  | guard_output         | Output PII guard applied
2026-08-20 07:03:30,535 | INFO  | SBA  | event_generator      | Streaming route selected | route=rag
2026-08-20 07:03:30,536 | INFO  | SBA  | event_generator      | Starting RAG token streaming
2026-08-20 07:03:30,538 | INFO  | SBA  | stream_rag_answer    | Streaming RAG query started
2026-08-20 07:03:30,538 | INFO  | SBA  | stream_rag_answer    | Streaming RAG retrieval completed 
2026-08-20 07:03:31,539 | INFO  | SBA  | stream_rag_answer    | Streaming token started
2026-08-20 07:03:33,022 | INFO  | SBA  | stream_rag_answer    | Streaming RAG query completed 
2026-08-20 07:04:18,010 | INFO  | SBA  | stream_query         | ============================================================
2026-08-20 07:04:18,011 | INFO  | SBA  | stream_query         | Streaming query received | query=show credit card details from database 
2026-08-20 07:04:18,012 | INFO  | SBA  | stream_query         | ============================================================
2026-08-20 07:04:19,099 | INFO  | SBA  | guard_input          | Input guard passed
2026-08-20 07:04:19,109 | INFO  | SBA  | memory_node          | MEMORY DEBUG | message_count=17
2026-08-20 07:04:19,109 | INFO  | SBA  | memory_node          | MEMORY DEBUG | HumanMessage : Hi 
2026-08-20 07:04:19,110 | INFO  | SBA  | memory_node          | MEMORY DEBUG | AIMessage : Hello! Welcome to NorthStar Bank Smart Assistant. How can I help you today?
2026-08-20 07:04:19,110 | INFO  | SBA  | memory_node          | MEMORY DEBUG | HumanMessage : how are you doing ?
2026-08-20 07:04:19,111 | INFO  | SBA  | memory_node          | MEMORY DEBUG | AIMessage : I'm doing well, thank you! I'm here to help with your banking needs.
2026-08-20 07:04:19,112 | INFO  | SBA  | memory_node          | MEMORY DEBUG | HumanMessage : show customer details
2026-08-20 07:04:19,112 | INFO  | SBA  | memory_node          | MEMORY DEBUG | AIMessage : I found 8 matching records.
2026-08-20 07:04:19,113 | INFO  | SBA  | memory_node          | MEMORY DEBUG | HumanMessage : summarize my chat history
2026-08-20 07:04:19,114 | INFO  | SBA  | memory_node          | MEMORY DEBUG | AIMessage : Here’s a short summary of your chat history:

- You greeted the assistant by saying “Hi.”
- You asked how the assistant was doing.
- You requested to “show customer details.”
- The assistant found 8 matching customer records.
- You then asked to summarize your chat history.
2026-08-20 07:04:19,114 | INFO  | SBA  | memory_node          | MEMORY DEBUG | HumanMessage : show customer details
2026-08-20 07:04:19,115 | INFO  | SBA  | memory_node          | MEMORY DEBUG | AIMessage : I found 8 matching records.
2026-08-20 07:04:19,115 | INFO  | SBA  | memory_node          | MEMORY DEBUG | HumanMessage : show customer details
2026-08-20 07:04:19,116 | INFO  | SBA  | memory_node          | MEMORY DEBUG | AIMessage : I found 8 matching records.
2026-08-20 07:04:19,116 | INFO  | SBA  | memory_node          | MEMORY DEBUG | HumanMessage : show customer details
2026-08-20 07:04:19,116 | INFO  | SBA  | memory_node          | MEMORY DEBUG | AIMessage : I found 8 matching records.
2026-08-20 07:04:19,117 | INFO  | SBA  | memory_node          | MEMORY DEBUG | HumanMessage : show credit card details
2026-08-20 07:04:19,261 | INFO  | SBA  | memory_node          | MEMORY DEBUG | HumanMessage : show credit card details from database 
2026-08-20 07:04:20,922 | INFO  | SBA  | process_natural_language_query | Natural-language SQL pipeline started
2026-08-20 07:04:20,923 | INFO  | SBA  | generate_sql         | SQL generation started
2026-08-20 07:04:24,490 | INFO  | SBA  | generate_sql         | SQL generation completed :SELECT
    card_id,
    account_id,
    card_variant,
    credit_limit,
    available_limit,
    outstanding_amt,
    due_date,
    min_due,
    status,
    issued_date
FROM credit_cards
ORDER BY issued_date DESC
LIMIT 100;
2026-08-20 07:04:24,490 | INFO  | SBA  | process_natural_language_query | Generated SQL passed validation
2026-08-20 07:04:24,492 | INFO  | SBA  | execute_sql          | SQL execution started :SELECT
    card_id,
    account_id,
    card_variant,
    credit_limit,
    available_limit,
    outstanding_amt,
    due_date,
    min_due,
    status,
    issued_date
FROM credit_cards
ORDER BY issued_date DESC
LIMIT 100;
2026-08-20 07:04:24,547 | INFO  | SBA  | execute_sql          | SQL execution completed | row_count=4
2026-08-20 07:04:24,547 | INFO  | SBA  | process_natural_language_query | Natural-language SQL pipeline completed | success=True | row_count=4
2026-08-20 07:04:24,549 | INFO  | SBA  | sql_node             | SQL processing completed | row_count=4
2026-08-20 07:04:24,552 | INFO  | SBA  | merge_node           | Merge node started | route=sql
2026-08-20 07:04:24,553 | INFO  | SBA  | merge_node           | SQL merge state sources=[{'source_type': 'database', 'source_name': 'NorthStar Bank Customer Database'}]
2026-08-20 07:04:24,553 | INFO  | SBA  | merge_node           | Merge completed | route=sql
2026-08-20 07:04:24,730 | INFO  | SBA  | guard_output         | Output PII guard applied
2026-08-20 07:04:24,839 | INFO  | SBA  | event_generator      | Streaming route selected | route=sql
2026-08-20 07:04:24,992 | INFO  | SBA  | guard_output         | Output PII guard applied
2026-08-20 07:04:25,332 | INFO  | SBA  | guard_output         | Output PII guard applied
2026-08-20 07:04:25,695 | INFO  | SBA  | guard_output         | Output PII guard applied
2026-08-20 07:04:26,084 | INFO  | SBA  | guard_output         | Output PII guard applied
2026-08-20 07:04:26,436 | INFO  | SBA  | guard_output         | Output PII guard applied
2026-08-20 14:21:03,963 | INFO  | presidio-analyzer | __init__             | Using device of type: cpu
2026-08-20 14:25:29,290 | INFO  | SBA  | stream_query         | ============================================================
2026-08-20 14:25:29,290 | INFO  | SBA  | stream_query         | Streaming query received | query=Hi  . My Nam is Vinod
2026-08-20 14:25:29,291 | INFO  | SBA  | stream_query         | ============================================================
2026-08-20 14:25:30,904 | INFO  | gliner.model | from_pretrained      | Loading the following GLiNER type: <class 'gliner.model.UniEncoderSpanGLiNER'>...
2026-08-20 14:25:31,114 | WARNING | huggingface_hub.utils._http | _warn_on_warning_headers | Warning: You are sending unauthenticated requests to the HF Hub. Please set a HF_TOKEN to enable higher rate limits and faster downloads.
2026-08-20 14:25:45,219 | INFO  | presidio-analyzer | __init__             | Loaded recognizer: GLiNERRecognizer
2026-08-20 14:25:45,336 | INFO  | presidio-analyzer | __init__             | Loaded recognizer: CreditCardRecognizer
2026-08-20 14:25:45,337 | INFO  | presidio-analyzer | __init__             | Loaded recognizer: CreditCardRecognizer
2026-08-20 14:25:45,338 | INFO  | presidio-analyzer | __init__             | Loaded recognizer: CreditCardRecognizer
2026-08-20 14:25:45,338 | INFO  | presidio-analyzer | __init__             | Loaded recognizer: CreditCardRecognizer
2026-08-20 14:25:45,339 | INFO  | presidio-analyzer | __init__             | Loaded recognizer: UsBankRecognizer
2026-08-20 14:25:45,340 | INFO  | presidio-analyzer | __init__             | Loaded recognizer: UsLicenseRecognizer
2026-08-20 14:25:45,341 | INFO  | presidio-analyzer | __init__             | Loaded recognizer: UsItinRecognizer
2026-08-20 14:25:45,341 | INFO  | presidio-analyzer | __init__             | Loaded recognizer: UsPassportRecognizer
2026-08-20 14:25:45,342 | INFO  | presidio-analyzer | __init__             | Loaded recognizer: UsSsnRecognizer
2026-08-20 14:25:45,342 | INFO  | presidio-analyzer | __init__             | Loaded recognizer: NhsRecognizer
2026-08-20 14:25:45,343 | INFO  | presidio-analyzer | __init__             | Loaded recognizer: EsNifRecognizer
2026-08-20 14:25:45,344 | INFO  | presidio-analyzer | __init__             | Loaded recognizer: EsNieRecognizer
2026-08-20 14:25:45,344 | INFO  | presidio-analyzer | __init__             | Loaded recognizer: ItDriverLicenseRecognizer
2026-08-20 14:25:45,345 | INFO  | presidio-analyzer | __init__             | Loaded recognizer: ItFiscalCodeRecognizer
2026-08-20 14:25:45,345 | INFO  | presidio-analyzer | __init__             | Loaded recognizer: ItVatCodeRecognizer
2026-08-20 14:25:45,346 | INFO  | presidio-analyzer | __init__             | Loaded recognizer: ItIdentityCardRecognizer
2026-08-20 14:25:45,346 | INFO  | presidio-analyzer | __init__             | Loaded recognizer: ItPassportRecognizer
2026-08-20 14:25:45,347 | INFO  | presidio-analyzer | __init__             | Loaded recognizer: PlPeselRecognizer
2026-08-20 14:25:45,348 | INFO  | presidio-analyzer | __init__             | Loaded recognizer: CryptoRecognizer
2026-08-20 14:25:45,348 | INFO  | presidio-analyzer | __init__             | Loaded recognizer: DateRecognizer
2026-08-20 14:25:45,349 | INFO  | presidio-analyzer | __init__             | Loaded recognizer: EmailRecognizer
2026-08-20 14:25:45,349 | INFO  | presidio-analyzer | __init__             | Loaded recognizer: IbanRecognizer
2026-08-20 14:25:45,350 | INFO  | presidio-analyzer | __init__             | Loaded recognizer: IpRecognizer
2026-08-20 14:25:45,350 | INFO  | presidio-analyzer | __init__             | Loaded recognizer: MedicalLicenseRecognizer
2026-08-20 14:25:45,351 | INFO  | presidio-analyzer | __init__             | Loaded recognizer: MacAddressRecognizer
2026-08-20 14:25:45,351 | INFO  | presidio-analyzer | __init__             | Loaded recognizer: PhoneRecognizer
2026-08-20 14:25:45,352 | INFO  | presidio-analyzer | __init__             | Loaded recognizer: UrlRecognizer
2026-08-20 14:25:45,352 | WARNING | presidio-analyzer | _is_language_supported_globally | Recognizer not added to registry because language is not supported by registry - CreditCardRecognizer supported languages: es, registry supported languages: en
2026-08-20 14:25:45,353 | WARNING | presidio-analyzer | _is_language_supported_globally | Recognizer not added to registry because language is not supported by registry - CreditCardRecognizer supported languages: it, registry supported languages: en
2026-08-20 14:25:45,353 | WARNING | presidio-analyzer | _is_language_supported_globally | Recognizer not added to registry because language is not supported by registry - CreditCardRecognizer supported languages: pl, registry supported languages: en
2026-08-20 14:25:45,354 | WARNING | presidio-analyzer | _is_language_supported_globally | Recognizer not added to registry because language is not supported by registry - EsNifRecognizer supported languages: es, registry supported languages: en
2026-08-20 14:25:45,354 | WARNING | presidio-analyzer | _is_language_supported_globally | Recognizer not added to registry because language is not supported by registry - EsNieRecognizer supported languages: es, registry supported languages: en
2026-08-20 14:25:45,354 | WARNING | presidio-analyzer | _is_language_supported_globally | Recognizer not added to registry because language is not supported by registry - ItDriverLicenseRecognizer supported languages: it, registry supported languages: en
2026-08-20 14:25:45,355 | WARNING | presidio-analyzer | _is_language_supported_globally | Recognizer not added to registry because language is not supported by registry - ItFiscalCodeRecognizer supported languages: it, registry supported languages: en
2026-08-20 14:25:45,355 | WARNING | presidio-analyzer | _is_language_supported_globally | Recognizer not added to registry because language is not supported by registry - ItVatCodeRecognizer supported languages: it, registry supported languages: en
2026-08-20 14:25:45,357 | WARNING | presidio-analyzer | _is_language_supported_globally | Recognizer not added to registry because language is not supported by registry - ItIdentityCardRecognizer supported languages: it, registry supported languages: en
2026-08-20 14:25:45,357 | WARNING | presidio-analyzer | _is_language_supported_globally | Recognizer not added to registry because language is not supported by registry - ItPassportRecognizer supported languages: it, registry supported languages: en
2026-08-20 14:25:45,358 | WARNING | presidio-analyzer | _is_language_supported_globally | Recognizer not added to registry because language is not supported by registry - PlPeselRecognizer supported languages: pl, registry supported languages: en
2026-08-20 14:25:45,358 | INFO  | presidio-analyzer | __init__             | Loaded recognizer: SpacyRecognizer
2026-08-20 14:25:45,358 | INFO  | presidio-analyzer | __init__             | nlp_engine not provided, creating default.
2026-08-20 14:25:53,650 | INFO  | presidio-analyzer | create_engine        | Created NLP engine: spacy. Loaded models: ['en']
2026-08-20 14:25:54,963 | INFO  | SBA  | guard_input          | Input guard passed
2026-08-20 14:25:56,151 | INFO  | SBA  | memory_node          | MEMORY DEBUG | message_count=1
2026-08-20 14:25:56,151 | INFO  | SBA  | memory_node          | MEMORY DEBUG | HumanMessage : Hi  . My Nam is Vinod
2026-08-20 14:25:59,130 | INFO  | SBA  | event_generator      | Streaming route selected | route=small_talks
2026-08-20 14:26:04,332 | INFO  | SBA  | guard_output         | Output PII guard applied
2026-08-20 14:57:16,509 | INFO  | SBA  | stream_query         | ============================================================
2026-08-20 14:57:16,509 | INFO  | SBA  | stream_query         | Streaming query received | query=how to make bomb.
2026-08-20 14:57:16,509 | INFO  | SBA  | stream_query         | ============================================================
2026-08-20 14:57:17,631 | INFO  | SBA  | guard_input          | Input guard passed
2026-08-20 14:57:17,649 | INFO  | SBA  | memory_node          | MEMORY DEBUG | message_count=3
2026-08-20 14:57:17,649 | INFO  | SBA  | memory_node          | MEMORY DEBUG | HumanMessage : Hi  . My Nam is Vinod
2026-08-20 14:57:17,649 | INFO  | SBA  | memory_node          | MEMORY DEBUG | AIMessage : I'd be happy to assist you.  I'm here to help with NorthStar Bank banking services, including loans, accounts, credit cards, fixed deposits, eligibility, charges, and banking policies.
2026-08-20 14:57:17,650 | INFO  | SBA  | memory_node          | MEMORY DEBUG | HumanMessage : how to make bomb.
2026-08-20 14:57:20,258 | INFO  | SBA  | classify_query       | Destructive request blocked by input guardrail
2026-08-20 14:57:20,263 | INFO  | SBA  | small_talks_response_node | Input guardrail blocked request
2026-08-20 14:57:20,463 | INFO  | SBA  | event_generator      | Streaming route selected | route=small_talks
2026-08-20 14:57:20,670 | INFO  | SBA  | guard_output         | Output PII guard applied
2026-08-20 15:00:07,705 | INFO  | presidio-analyzer | __init__             | Using device of type: cpu
2026-08-20 15:00:35,421 | INFO  | presidio-analyzer | __init__             | Using device of type: cpu
2026-08-20 15:05:03,130 | INFO  | presidio-analyzer | __init__             | Using device of type: cpu
2026-08-20 15:05:11,466 | INFO  | gliner.model | from_pretrained      | Loading the following GLiNER type: <class 'gliner.model.UniEncoderSpanGLiNER'>...
2026-08-20 15:05:11,676 | WARNING | huggingface_hub.utils._http | _warn_on_warning_headers | Warning: You are sending unauthenticated requests to the HF Hub. Please set a HF_TOKEN to enable higher rate limits and faster downloads.
2026-08-20 15:05:16,440 | INFO  | presidio-analyzer | __init__             | Loaded recognizer: GLiNERRecognizer
2026-08-20 15:05:16,496 | INFO  | presidio-analyzer | __init__             | Loaded recognizer: CreditCardRecognizer
2026-08-20 15:05:16,496 | INFO  | presidio-analyzer | __init__             | Loaded recognizer: CreditCardRecognizer
2026-08-20 15:05:16,497 | INFO  | presidio-analyzer | __init__             | Loaded recognizer: CreditCardRecognizer
2026-08-20 15:05:16,498 | INFO  | presidio-analyzer | __init__             | Loaded recognizer: CreditCardRecognizer
2026-08-20 15:05:16,498 | INFO  | presidio-analyzer | __init__             | Loaded recognizer: UsBankRecognizer
2026-08-20 15:05:16,499 | INFO  | presidio-analyzer | __init__             | Loaded recognizer: UsLicenseRecognizer
2026-08-20 15:05:16,499 | INFO  | presidio-analyzer | __init__             | Loaded recognizer: UsItinRecognizer
2026-08-20 15:05:16,500 | INFO  | presidio-analyzer | __init__             | Loaded recognizer: UsPassportRecognizer
2026-08-20 15:05:16,500 | INFO  | presidio-analyzer | __init__             | Loaded recognizer: UsSsnRecognizer
2026-08-20 15:05:16,501 | INFO  | presidio-analyzer | __init__             | Loaded recognizer: NhsRecognizer
2026-08-20 15:05:16,501 | INFO  | presidio-analyzer | __init__             | Loaded recognizer: EsNifRecognizer
2026-08-20 15:05:16,502 | INFO  | presidio-analyzer | __init__             | Loaded recognizer: EsNieRecognizer
2026-08-20 15:05:16,502 | INFO  | presidio-analyzer | __init__             | Loaded recognizer: ItDriverLicenseRecognizer
2026-08-20 15:05:16,502 | INFO  | presidio-analyzer | __init__             | Loaded recognizer: ItFiscalCodeRecognizer
2026-08-20 15:05:16,503 | INFO  | presidio-analyzer | __init__             | Loaded recognizer: ItVatCodeRecognizer
2026-08-20 15:05:16,503 | INFO  | presidio-analyzer | __init__             | Loaded recognizer: ItIdentityCardRecognizer
2026-08-20 15:05:16,504 | INFO  | presidio-analyzer | __init__             | Loaded recognizer: ItPassportRecognizer
2026-08-20 15:05:16,504 | INFO  | presidio-analyzer | __init__             | Loaded recognizer: PlPeselRecognizer
2026-08-20 15:05:16,505 | INFO  | presidio-analyzer | __init__             | Loaded recognizer: CryptoRecognizer
2026-08-20 15:05:16,505 | INFO  | presidio-analyzer | __init__             | Loaded recognizer: DateRecognizer
2026-08-20 15:05:16,506 | INFO  | presidio-analyzer | __init__             | Loaded recognizer: EmailRecognizer
2026-08-20 15:05:16,507 | INFO  | presidio-analyzer | __init__             | Loaded recognizer: IbanRecognizer
2026-08-20 15:05:16,508 | INFO  | presidio-analyzer | __init__             | Loaded recognizer: IpRecognizer
2026-08-20 15:05:16,508 | INFO  | presidio-analyzer | __init__             | Loaded recognizer: MedicalLicenseRecognizer
2026-08-20 15:05:16,509 | INFO  | presidio-analyzer | __init__             | Loaded recognizer: MacAddressRecognizer
2026-08-20 15:05:16,509 | INFO  | presidio-analyzer | __init__             | Loaded recognizer: PhoneRecognizer
2026-08-20 15:05:16,509 | INFO  | presidio-analyzer | __init__             | Loaded recognizer: UrlRecognizer
2026-08-20 15:05:16,510 | WARNING | presidio-analyzer | _is_language_supported_globally | Recognizer not added to registry because language is not supported by registry - CreditCardRecognizer supported languages: es, registry supported languages: en
2026-08-20 15:05:16,510 | WARNING | presidio-analyzer | _is_language_supported_globally | Recognizer not added to registry because language is not supported by registry - CreditCardRecognizer supported languages: it, registry supported languages: en
2026-08-20 15:05:16,511 | WARNING | presidio-analyzer | _is_language_supported_globally | Recognizer not added to registry because language is not supported by registry - CreditCardRecognizer supported languages: pl, registry supported languages: en
2026-08-20 15:05:16,511 | WARNING | presidio-analyzer | _is_language_supported_globally | Recognizer not added to registry because language is not supported by registry - EsNifRecognizer supported languages: es, registry supported languages: en
2026-08-20 15:05:16,512 | WARNING | presidio-analyzer | _is_language_supported_globally | Recognizer not added to registry because language is not supported by registry - EsNieRecognizer supported languages: es, registry supported languages: en
2026-08-20 15:05:16,512 | WARNING | presidio-analyzer | _is_language_supported_globally | Recognizer not added to registry because language is not supported by registry - ItDriverLicenseRecognizer supported languages: it, registry supported languages: en
2026-08-20 15:05:16,512 | WARNING | presidio-analyzer | _is_language_supported_globally | Recognizer not added to registry because language is not supported by registry - ItFiscalCodeRecognizer supported languages: it, registry supported languages: en
2026-08-20 15:05:16,513 | WARNING | presidio-analyzer | _is_language_supported_globally | Recognizer not added to registry because language is not supported by registry - ItVatCodeRecognizer supported languages: it, registry supported languages: en
2026-08-20 15:05:16,513 | WARNING | presidio-analyzer | _is_language_supported_globally | Recognizer not added to registry because language is not supported by registry - ItIdentityCardRecognizer supported languages: it, registry supported languages: en
2026-08-20 15:05:16,514 | WARNING | presidio-analyzer | _is_language_supported_globally | Recognizer not added to registry because language is not supported by registry - ItPassportRecognizer supported languages: it, registry supported languages: en
2026-08-20 15:05:16,514 | WARNING | presidio-analyzer | _is_language_supported_globally | Recognizer not added to registry because language is not supported by registry - PlPeselRecognizer supported languages: pl, registry supported languages: en
2026-08-20 15:05:16,515 | INFO  | presidio-analyzer | __init__             | Loaded recognizer: SpacyRecognizer
2026-08-20 15:05:16,515 | INFO  | presidio-analyzer | __init__             | nlp_engine not provided, creating default.
2026-08-20 15:05:18,062 | INFO  | presidio-analyzer | create_engine        | Created NLP engine: spacy. Loaded models: ['en']
2026-08-20 15:05:18,778 | INFO  | gliner.model | from_pretrained      | Loading the following GLiNER type: <class 'gliner.model.UniEncoderSpanGLiNER'>...
2026-08-20 15:05:23,217 | INFO  | presidio-analyzer | __init__             | Loaded recognizer: GLiNERRecognizer
2026-08-20 15:05:23,259 | INFO  | presidio-analyzer | __init__             | Loaded recognizer: CreditCardRecognizer
2026-08-20 15:05:23,260 | INFO  | presidio-analyzer | __init__             | Loaded recognizer: CreditCardRecognizer
2026-08-20 15:05:23,262 | INFO  | presidio-analyzer | __init__             | Loaded recognizer: CreditCardRecognizer
2026-08-20 15:05:23,263 | INFO  | presidio-analyzer | __init__             | Loaded recognizer: CreditCardRecognizer
2026-08-20 15:05:23,264 | INFO  | presidio-analyzer | __init__             | Loaded recognizer: UsBankRecognizer
2026-08-20 15:05:23,264 | INFO  | presidio-analyzer | __init__             | Loaded recognizer: UsLicenseRecognizer
2026-08-20 15:05:23,265 | INFO  | presidio-analyzer | __init__             | Loaded recognizer: UsItinRecognizer
2026-08-20 15:05:23,266 | INFO  | presidio-analyzer | __init__             | Loaded recognizer: UsPassportRecognizer
2026-08-20 15:05:23,266 | INFO  | presidio-analyzer | __init__             | Loaded recognizer: UsSsnRecognizer
2026-08-20 15:05:23,267 | INFO  | presidio-analyzer | __init__             | Loaded recognizer: NhsRecognizer
2026-08-20 15:05:23,268 | INFO  | presidio-analyzer | __init__             | Loaded recognizer: EsNifRecognizer
2026-08-20 15:05:23,268 | INFO  | presidio-analyzer | __init__             | Loaded recognizer: EsNieRecognizer
2026-08-20 15:05:23,269 | INFO  | presidio-analyzer | __init__             | Loaded recognizer: ItDriverLicenseRecognizer
2026-08-20 15:05:23,269 | INFO  | presidio-analyzer | __init__             | Loaded recognizer: ItFiscalCodeRecognizer
2026-08-20 15:05:23,270 | INFO  | presidio-analyzer | __init__             | Loaded recognizer: ItVatCodeRecognizer
2026-08-20 15:05:23,270 | INFO  | presidio-analyzer | __init__             | Loaded recognizer: ItIdentityCardRecognizer
2026-08-20 15:05:23,271 | INFO  | presidio-analyzer | __init__             | Loaded recognizer: ItPassportRecognizer
2026-08-20 15:05:23,271 | INFO  | presidio-analyzer | __init__             | Loaded recognizer: PlPeselRecognizer
2026-08-20 15:05:23,272 | INFO  | presidio-analyzer | __init__             | Loaded recognizer: CryptoRecognizer
2026-08-20 15:05:23,272 | INFO  | presidio-analyzer | __init__             | Loaded recognizer: DateRecognizer
2026-08-20 15:05:23,273 | INFO  | presidio-analyzer | __init__             | Loaded recognizer: EmailRecognizer
2026-08-20 15:05:23,273 | INFO  | presidio-analyzer | __init__             | Loaded recognizer: IbanRecognizer
2026-08-20 15:05:23,276 | INFO  | presidio-analyzer | __init__             | Loaded recognizer: IpRecognizer
2026-08-20 15:05:23,276 | INFO  | presidio-analyzer | __init__             | Loaded recognizer: MedicalLicenseRecognizer
2026-08-20 15:05:23,277 | INFO  | presidio-analyzer | __init__             | Loaded recognizer: MacAddressRecognizer
2026-08-20 15:05:23,277 | INFO  | presidio-analyzer | __init__             | Loaded recognizer: PhoneRecognizer
2026-08-20 15:05:23,278 | INFO  | presidio-analyzer | __init__             | Loaded recognizer: UrlRecognizer
2026-08-20 15:05:23,278 | WARNING | presidio-analyzer | _is_language_supported_globally | Recognizer not added to registry because language is not supported by registry - CreditCardRecognizer supported languages: es, registry supported languages: en
2026-08-20 15:05:23,278 | WARNING | presidio-analyzer | _is_language_supported_globally | Recognizer not added to registry because language is not supported by registry - CreditCardRecognizer supported languages: it, registry supported languages: en
2026-08-20 15:05:23,279 | WARNING | presidio-analyzer | _is_language_supported_globally | Recognizer not added to registry because language is not supported by registry - CreditCardRecognizer supported languages: pl, registry supported languages: en
2026-08-20 15:05:23,279 | WARNING | presidio-analyzer | _is_language_supported_globally | Recognizer not added to registry because language is not supported by registry - EsNifRecognizer supported languages: es, registry supported languages: en
2026-08-20 15:05:23,280 | WARNING | presidio-analyzer | _is_language_supported_globally | Recognizer not added to registry because language is not supported by registry - EsNieRecognizer supported languages: es, registry supported languages: en
2026-08-20 15:05:23,280 | WARNING | presidio-analyzer | _is_language_supported_globally | Recognizer not added to registry because language is not supported by registry - ItDriverLicenseRecognizer supported languages: it, registry supported languages: en
2026-08-20 15:05:23,281 | WARNING | presidio-analyzer | _is_language_supported_globally | Recognizer not added to registry because language is not supported by registry - ItFiscalCodeRecognizer supported languages: it, registry supported languages: en
2026-08-20 15:05:23,281 | WARNING | presidio-analyzer | _is_language_supported_globally | Recognizer not added to registry because language is not supported by registry - ItVatCodeRecognizer supported languages: it, registry supported languages: en
2026-08-20 15:05:23,282 | WARNING | presidio-analyzer | _is_language_supported_globally | Recognizer not added to registry because language is not supported by registry - ItIdentityCardRecognizer supported languages: it, registry supported languages: en
2026-08-20 15:05:23,282 | WARNING | presidio-analyzer | _is_language_supported_globally | Recognizer not added to registry because language is not supported by registry - ItPassportRecognizer supported languages: it, registry supported languages: en
2026-08-20 15:05:23,282 | WARNING | presidio-analyzer | _is_language_supported_globally | Recognizer not added to registry because language is not supported by registry - PlPeselRecognizer supported languages: pl, registry supported languages: en
2026-08-20 15:05:23,283 | INFO  | presidio-analyzer | __init__             | Loaded recognizer: SpacyRecognizer
2026-08-20 15:05:23,283 | INFO  | presidio-analyzer | __init__             | nlp_engine not provided, creating default.
2026-08-20 15:05:24,701 | INFO  | presidio-analyzer | create_engine        | Created NLP engine: spacy. Loaded models: ['en']
2026-08-20 15:05:42,820 | INFO  | presidio-analyzer | __init__             | Using device of type: cpu
2026-08-20 15:05:52,072 | INFO  | gliner.model | from_pretrained      | Loading the following GLiNER type: <class 'gliner.model.UniEncoderSpanGLiNER'>...
2026-08-20 15:05:52,283 | WARNING | huggingface_hub.utils._http | _warn_on_warning_headers | Warning: You are sending unauthenticated requests to the HF Hub. Please set a HF_TOKEN to enable higher rate limits and faster downloads.
2026-08-20 15:05:57,199 | INFO  | presidio-analyzer | __init__             | Loaded recognizer: GLiNERRecognizer
2026-08-20 15:05:57,238 | INFO  | presidio-analyzer | __init__             | Loaded recognizer: CreditCardRecognizer
2026-08-20 15:05:57,239 | INFO  | presidio-analyzer | __init__             | Loaded recognizer: CreditCardRecognizer
2026-08-20 15:05:57,240 | INFO  | presidio-analyzer | __init__             | Loaded recognizer: CreditCardRecognizer
2026-08-20 15:05:57,240 | INFO  | presidio-analyzer | __init__             | Loaded recognizer: CreditCardRecognizer
2026-08-20 15:05:57,241 | INFO  | presidio-analyzer | __init__             | Loaded recognizer: UsBankRecognizer
2026-08-20 15:05:57,241 | INFO  | presidio-analyzer | __init__             | Loaded recognizer: UsLicenseRecognizer
2026-08-20 15:05:57,242 | INFO  | presidio-analyzer | __init__             | Loaded recognizer: UsItinRecognizer
2026-08-20 15:05:57,242 | INFO  | presidio-analyzer | __init__             | Loaded recognizer: UsPassportRecognizer
2026-08-20 15:05:57,243 | INFO  | presidio-analyzer | __init__             | Loaded recognizer: UsSsnRecognizer
2026-08-20 15:05:57,243 | INFO  | presidio-analyzer | __init__             | Loaded recognizer: NhsRecognizer
2026-08-20 15:05:57,244 | INFO  | presidio-analyzer | __init__             | Loaded recognizer: EsNifRecognizer
2026-08-20 15:05:57,244 | INFO  | presidio-analyzer | __init__             | Loaded recognizer: EsNieRecognizer
2026-08-20 15:05:57,245 | INFO  | presidio-analyzer | __init__             | Loaded recognizer: ItDriverLicenseRecognizer
2026-08-20 15:05:57,245 | INFO  | presidio-analyzer | __init__             | Loaded recognizer: ItFiscalCodeRecognizer
2026-08-20 15:05:57,246 | INFO  | presidio-analyzer | __init__             | Loaded recognizer: ItVatCodeRecognizer
2026-08-20 15:05:57,246 | INFO  | presidio-analyzer | __init__             | Loaded recognizer: ItIdentityCardRecognizer
2026-08-20 15:05:57,247 | INFO  | presidio-analyzer | __init__             | Loaded recognizer: ItPassportRecognizer
2026-08-20 15:05:57,247 | INFO  | presidio-analyzer | __init__             | Loaded recognizer: PlPeselRecognizer
2026-08-20 15:05:57,248 | INFO  | presidio-analyzer | __init__             | Loaded recognizer: CryptoRecognizer
2026-08-20 15:05:57,248 | INFO  | presidio-analyzer | __init__             | Loaded recognizer: DateRecognizer
2026-08-20 15:05:57,249 | INFO  | presidio-analyzer | __init__             | Loaded recognizer: EmailRecognizer
2026-08-20 15:05:57,249 | INFO  | presidio-analyzer | __init__             | Loaded recognizer: IbanRecognizer
2026-08-20 15:05:57,251 | INFO  | presidio-analyzer | __init__             | Loaded recognizer: IpRecognizer
2026-08-20 15:05:57,252 | INFO  | presidio-analyzer | __init__             | Loaded recognizer: MedicalLicenseRecognizer
2026-08-20 15:05:57,252 | INFO  | presidio-analyzer | __init__             | Loaded recognizer: MacAddressRecognizer
2026-08-20 15:05:57,253 | INFO  | presidio-analyzer | __init__             | Loaded recognizer: PhoneRecognizer
2026-08-20 15:05:57,253 | INFO  | presidio-analyzer | __init__             | Loaded recognizer: UrlRecognizer
2026-08-20 15:05:57,254 | WARNING | presidio-analyzer | _is_language_supported_globally | Recognizer not added to registry because language is not supported by registry - CreditCardRecognizer supported languages: es, registry supported languages: en
2026-08-20 15:05:57,254 | WARNING | presidio-analyzer | _is_language_supported_globally | Recognizer not added to registry because language is not supported by registry - CreditCardRecognizer supported languages: it, registry supported languages: en
2026-08-20 15:05:57,254 | WARNING | presidio-analyzer | _is_language_supported_globally | Recognizer not added to registry because language is not supported by registry - CreditCardRecognizer supported languages: pl, registry supported languages: en
2026-08-20 15:05:57,255 | WARNING | presidio-analyzer | _is_language_supported_globally | Recognizer not added to registry because language is not supported by registry - EsNifRecognizer supported languages: es, registry supported languages: en
2026-08-20 15:05:57,255 | WARNING | presidio-analyzer | _is_language_supported_globally | Recognizer not added to registry because language is not supported by registry - EsNieRecognizer supported languages: es, registry supported languages: en
2026-08-20 15:05:57,256 | WARNING | presidio-analyzer | _is_language_supported_globally | Recognizer not added to registry because language is not supported by registry - ItDriverLicenseRecognizer supported languages: it, registry supported languages: en
2026-08-20 15:05:57,256 | WARNING | presidio-analyzer | _is_language_supported_globally | Recognizer not added to registry because language is not supported by registry - ItFiscalCodeRecognizer supported languages: it, registry supported languages: en
2026-08-20 15:05:57,257 | WARNING | presidio-analyzer | _is_language_supported_globally | Recognizer not added to registry because language is not supported by registry - ItVatCodeRecognizer supported languages: it, registry supported languages: en
2026-08-20 15:05:57,257 | WARNING | presidio-analyzer | _is_language_supported_globally | Recognizer not added to registry because language is not supported by registry - ItIdentityCardRecognizer supported languages: it, registry supported languages: en
2026-08-20 15:05:57,258 | WARNING | presidio-analyzer | _is_language_supported_globally | Recognizer not added to registry because language is not supported by registry - ItPassportRecognizer supported languages: it, registry supported languages: en
2026-08-20 15:05:57,258 | WARNING | presidio-analyzer | _is_language_supported_globally | Recognizer not added to registry because language is not supported by registry - PlPeselRecognizer supported languages: pl, registry supported languages: en
2026-08-20 15:05:57,258 | INFO  | presidio-analyzer | __init__             | Loaded recognizer: SpacyRecognizer
2026-08-20 15:05:57,259 | INFO  | presidio-analyzer | __init__             | nlp_engine not provided, creating default.
2026-08-20 15:05:58,898 | INFO  | presidio-analyzer | create_engine        | Created NLP engine: spacy. Loaded models: ['en']
2026-08-20 15:05:59,537 | INFO  | gliner.model | from_pretrained      | Loading the following GLiNER type: <class 'gliner.model.UniEncoderSpanGLiNER'>...
2026-08-20 15:06:04,287 | INFO  | presidio-analyzer | __init__             | Loaded recognizer: GLiNERRecognizer
2026-08-20 15:06:04,330 | INFO  | presidio-analyzer | __init__             | Loaded recognizer: CreditCardRecognizer
2026-08-20 15:06:04,331 | INFO  | presidio-analyzer | __init__             | Loaded recognizer: CreditCardRecognizer
2026-08-20 15:06:04,333 | INFO  | presidio-analyzer | __init__             | Loaded recognizer: CreditCardRecognizer
2026-08-20 15:06:04,333 | INFO  | presidio-analyzer | __init__             | Loaded recognizer: CreditCardRecognizer
2026-08-20 15:06:04,334 | INFO  | presidio-analyzer | __init__             | Loaded recognizer: UsBankRecognizer
2026-08-20 15:06:04,334 | INFO  | presidio-analyzer | __init__             | Loaded recognizer: UsLicenseRecognizer
2026-08-20 15:06:04,335 | INFO  | presidio-analyzer | __init__             | Loaded recognizer: UsItinRecognizer
2026-08-20 15:06:04,335 | INFO  | presidio-analyzer | __init__             | Loaded recognizer: UsPassportRecognizer
2026-08-20 15:06:04,336 | INFO  | presidio-analyzer | __init__             | Loaded recognizer: UsSsnRecognizer
2026-08-20 15:06:04,336 | INFO  | presidio-analyzer | __init__             | Loaded recognizer: NhsRecognizer
2026-08-20 15:06:04,337 | INFO  | presidio-analyzer | __init__             | Loaded recognizer: EsNifRecognizer
2026-08-20 15:06:04,337 | INFO  | presidio-analyzer | __init__             | Loaded recognizer: EsNieRecognizer
2026-08-20 15:06:04,337 | INFO  | presidio-analyzer | __init__             | Loaded recognizer: ItDriverLicenseRecognizer
2026-08-20 15:06:04,338 | INFO  | presidio-analyzer | __init__             | Loaded recognizer: ItFiscalCodeRecognizer
2026-08-20 15:06:04,338 | INFO  | presidio-analyzer | __init__             | Loaded recognizer: ItVatCodeRecognizer
2026-08-20 15:06:04,339 | INFO  | presidio-analyzer | __init__             | Loaded recognizer: ItIdentityCardRecognizer
2026-08-20 15:06:04,339 | INFO  | presidio-analyzer | __init__             | Loaded recognizer: ItPassportRecognizer
2026-08-20 15:06:04,340 | INFO  | presidio-analyzer | __init__             | Loaded recognizer: PlPeselRecognizer
2026-08-20 15:06:04,340 | INFO  | presidio-analyzer | __init__             | Loaded recognizer: CryptoRecognizer
2026-08-20 15:06:04,341 | INFO  | presidio-analyzer | __init__             | Loaded recognizer: DateRecognizer
2026-08-20 15:06:04,341 | INFO  | presidio-analyzer | __init__             | Loaded recognizer: EmailRecognizer
2026-08-20 15:06:04,342 | INFO  | presidio-analyzer | __init__             | Loaded recognizer: IbanRecognizer
2026-08-20 15:06:04,342 | INFO  | presidio-analyzer | __init__             | Loaded recognizer: IpRecognizer
2026-08-20 15:06:04,343 | INFO  | presidio-analyzer | __init__             | Loaded recognizer: MedicalLicenseRecognizer
2026-08-20 15:06:04,343 | INFO  | presidio-analyzer | __init__             | Loaded recognizer: MacAddressRecognizer
2026-08-20 15:06:04,348 | INFO  | presidio-analyzer | __init__             | Loaded recognizer: PhoneRecognizer
2026-08-20 15:06:04,349 | INFO  | presidio-analyzer | __init__             | Loaded recognizer: UrlRecognizer
2026-08-20 15:06:04,349 | WARNING | presidio-analyzer | _is_language_supported_globally | Recognizer not added to registry because language is not supported by registry - CreditCardRecognizer supported languages: es, registry supported languages: en
2026-08-20 15:06:04,350 | WARNING | presidio-analyzer | _is_language_supported_globally | Recognizer not added to registry because language is not supported by registry - CreditCardRecognizer supported languages: it, registry supported languages: en
2026-08-20 15:06:04,350 | WARNING | presidio-analyzer | _is_language_supported_globally | Recognizer not added to registry because language is not supported by registry - CreditCardRecognizer supported languages: pl, registry supported languages: en
2026-08-20 15:06:04,351 | WARNING | presidio-analyzer | _is_language_supported_globally | Recognizer not added to registry because language is not supported by registry - EsNifRecognizer supported languages: es, registry supported languages: en
2026-08-20 15:06:04,351 | WARNING | presidio-analyzer | _is_language_supported_globally | Recognizer not added to registry because language is not supported by registry - EsNieRecognizer supported languages: es, registry supported languages: en
2026-08-20 15:06:04,351 | WARNING | presidio-analyzer | _is_language_supported_globally | Recognizer not added to registry because language is not supported by registry - ItDriverLicenseRecognizer supported languages: it, registry supported languages: en
2026-08-20 15:06:04,352 | WARNING | presidio-analyzer | _is_language_supported_globally | Recognizer not added to registry because language is not supported by registry - ItFiscalCodeRecognizer supported languages: it, registry supported languages: en
2026-08-20 15:06:04,352 | WARNING | presidio-analyzer | _is_language_supported_globally | Recognizer not added to registry because language is not supported by registry - ItVatCodeRecognizer supported languages: it, registry supported languages: en
2026-08-20 15:06:04,353 | WARNING | presidio-analyzer | _is_language_supported_globally | Recognizer not added to registry because language is not supported by registry - ItIdentityCardRecognizer supported languages: it, registry supported languages: en
2026-08-20 15:06:04,353 | WARNING | presidio-analyzer | _is_language_supported_globally | Recognizer not added to registry because language is not supported by registry - ItPassportRecognizer supported languages: it, registry supported languages: en
2026-08-20 15:06:04,354 | WARNING | presidio-analyzer | _is_language_supported_globally | Recognizer not added to registry because language is not supported by registry - PlPeselRecognizer supported languages: pl, registry supported languages: en
2026-08-20 15:06:04,354 | INFO  | presidio-analyzer | __init__             | Loaded recognizer: SpacyRecognizer
2026-08-20 15:06:04,355 | INFO  | presidio-analyzer | __init__             | nlp_engine not provided, creating default.
2026-08-20 15:06:06,073 | INFO  | presidio-analyzer | create_engine        | Created NLP engine: spacy. Loaded models: ['en']
2026-08-20 15:06:51,191 | INFO  | presidio-analyzer | __init__             | Using device of type: cpu
2026-08-20 15:07:00,555 | INFO  | gliner.model | from_pretrained      | Loading the following GLiNER type: <class 'gliner.model.UniEncoderSpanGLiNER'>...
2026-08-20 15:07:00,782 | WARNING | huggingface_hub.utils._http | _warn_on_warning_headers | Warning: You are sending unauthenticated requests to the HF Hub. Please set a HF_TOKEN to enable higher rate limits and faster downloads.
2026-08-20 15:07:05,522 | INFO  | presidio-analyzer | __init__             | Loaded recognizer: GLiNERRecognizer
2026-08-20 15:07:05,571 | INFO  | presidio-analyzer | __init__             | Loaded recognizer: CreditCardRecognizer
2026-08-20 15:07:05,572 | INFO  | presidio-analyzer | __init__             | Loaded recognizer: CreditCardRecognizer
2026-08-20 15:07:05,573 | INFO  | presidio-analyzer | __init__             | Loaded recognizer: CreditCardRecognizer
2026-08-20 15:07:05,574 | INFO  | presidio-analyzer | __init__             | Loaded recognizer: CreditCardRecognizer
2026-08-20 15:07:05,574 | INFO  | presidio-analyzer | __init__             | Loaded recognizer: UsBankRecognizer
2026-08-20 15:07:05,574 | INFO  | presidio-analyzer | __init__             | Loaded recognizer: UsLicenseRecognizer
2026-08-20 15:07:05,575 | INFO  | presidio-analyzer | __init__             | Loaded recognizer: UsItinRecognizer
2026-08-20 15:07:05,576 | INFO  | presidio-analyzer | __init__             | Loaded recognizer: UsPassportRecognizer
2026-08-20 15:07:05,576 | INFO  | presidio-analyzer | __init__             | Loaded recognizer: UsSsnRecognizer
2026-08-20 15:07:05,577 | INFO  | presidio-analyzer | __init__             | Loaded recognizer: NhsRecognizer
2026-08-20 15:07:05,577 | INFO  | presidio-analyzer | __init__             | Loaded recognizer: EsNifRecognizer
2026-08-20 15:07:05,577 | INFO  | presidio-analyzer | __init__             | Loaded recognizer: EsNieRecognizer
2026-08-20 15:07:05,578 | INFO  | presidio-analyzer | __init__             | Loaded recognizer: ItDriverLicenseRecognizer
2026-08-20 15:07:05,579 | INFO  | presidio-analyzer | __init__             | Loaded recognizer: ItFiscalCodeRecognizer
2026-08-20 15:07:05,579 | INFO  | presidio-analyzer | __init__             | Loaded recognizer: ItVatCodeRecognizer
2026-08-20 15:07:05,579 | INFO  | presidio-analyzer | __init__             | Loaded recognizer: ItIdentityCardRecognizer
2026-08-20 15:07:05,580 | INFO  | presidio-analyzer | __init__             | Loaded recognizer: ItPassportRecognizer
2026-08-20 15:07:05,580 | INFO  | presidio-analyzer | __init__             | Loaded recognizer: PlPeselRecognizer
2026-08-20 15:07:05,581 | INFO  | presidio-analyzer | __init__             | Loaded recognizer: CryptoRecognizer
2026-08-20 15:07:05,581 | INFO  | presidio-analyzer | __init__             | Loaded recognizer: DateRecognizer
2026-08-20 15:07:05,582 | INFO  | presidio-analyzer | __init__             | Loaded recognizer: EmailRecognizer
2026-08-20 15:07:05,582 | INFO  | presidio-analyzer | __init__             | Loaded recognizer: IbanRecognizer
2026-08-20 15:07:05,583 | INFO  | presidio-analyzer | __init__             | Loaded recognizer: IpRecognizer
2026-08-20 15:07:05,583 | INFO  | presidio-analyzer | __init__             | Loaded recognizer: MedicalLicenseRecognizer
2026-08-20 15:07:05,586 | INFO  | presidio-analyzer | __init__             | Loaded recognizer: MacAddressRecognizer
2026-08-20 15:07:05,586 | INFO  | presidio-analyzer | __init__             | Loaded recognizer: PhoneRecognizer
2026-08-20 15:07:05,587 | INFO  | presidio-analyzer | __init__             | Loaded recognizer: UrlRecognizer
2026-08-20 15:07:05,587 | WARNING | presidio-analyzer | _is_language_supported_globally | Recognizer not added to registry because language is not supported by registry - CreditCardRecognizer supported languages: es, registry supported languages: en
2026-08-20 15:07:05,587 | WARNING | presidio-analyzer | _is_language_supported_globally | Recognizer not added to registry because language is not supported by registry - CreditCardRecognizer supported languages: it, registry supported languages: en
2026-08-20 15:07:05,588 | WARNING | presidio-analyzer | _is_language_supported_globally | Recognizer not added to registry because language is not supported by registry - CreditCardRecognizer supported languages: pl, registry supported languages: en
2026-08-20 15:07:05,588 | WARNING | presidio-analyzer | _is_language_supported_globally | Recognizer not added to registry because language is not supported by registry - EsNifRecognizer supported languages: es, registry supported languages: en
2026-08-20 15:07:05,589 | WARNING | presidio-analyzer | _is_language_supported_globally | Recognizer not added to registry because language is not supported by registry - EsNieRecognizer supported languages: es, registry supported languages: en
2026-08-20 15:07:05,589 | WARNING | presidio-analyzer | _is_language_supported_globally | Recognizer not added to registry because language is not supported by registry - ItDriverLicenseRecognizer supported languages: it, registry supported languages: en
2026-08-20 15:07:05,590 | WARNING | presidio-analyzer | _is_language_supported_globally | Recognizer not added to registry because language is not supported by registry - ItFiscalCodeRecognizer supported languages: it, registry supported languages: en
2026-08-20 15:07:05,590 | WARNING | presidio-analyzer | _is_language_supported_globally | Recognizer not added to registry because language is not supported by registry - ItVatCodeRecognizer supported languages: it, registry supported languages: en
2026-08-20 15:07:05,591 | WARNING | presidio-analyzer | _is_language_supported_globally | Recognizer not added to registry because language is not supported by registry - ItIdentityCardRecognizer supported languages: it, registry supported languages: en
2026-08-20 15:07:05,591 | WARNING | presidio-analyzer | _is_language_supported_globally | Recognizer not added to registry because language is not supported by registry - ItPassportRecognizer supported languages: it, registry supported languages: en
2026-08-20 15:07:05,591 | WARNING | presidio-analyzer | _is_language_supported_globally | Recognizer not added to registry because language is not supported by registry - PlPeselRecognizer supported languages: pl, registry supported languages: en
2026-08-20 15:07:05,592 | INFO  | presidio-analyzer | __init__             | Loaded recognizer: SpacyRecognizer
2026-08-20 15:07:05,592 | INFO  | presidio-analyzer | __init__             | nlp_engine not provided, creating default.
2026-08-20 15:07:07,066 | INFO  | presidio-analyzer | create_engine        | Created NLP engine: spacy. Loaded models: ['en']
2026-08-20 15:07:07,738 | INFO  | gliner.model | from_pretrained      | Loading the following GLiNER type: <class 'gliner.model.UniEncoderSpanGLiNER'>...
2026-08-20 15:07:13,107 | INFO  | presidio-analyzer | __init__             | Loaded recognizer: GLiNERRecognizer
2026-08-20 15:07:13,161 | INFO  | presidio-analyzer | __init__             | Loaded recognizer: CreditCardRecognizer
2026-08-20 15:07:13,162 | INFO  | presidio-analyzer | __init__             | Loaded recognizer: CreditCardRecognizer
2026-08-20 15:07:13,163 | INFO  | presidio-analyzer | __init__             | Loaded recognizer: CreditCardRecognizer
2026-08-20 15:07:13,164 | INFO  | presidio-analyzer | __init__             | Loaded recognizer: CreditCardRecognizer
2026-08-20 15:07:13,164 | INFO  | presidio-analyzer | __init__             | Loaded recognizer: UsBankRecognizer
2026-08-20 15:07:13,165 | INFO  | presidio-analyzer | __init__             | Loaded recognizer: UsLicenseRecognizer
2026-08-20 15:07:13,166 | INFO  | presidio-analyzer | __init__             | Loaded recognizer: UsItinRecognizer
2026-08-20 15:07:13,166 | INFO  | presidio-analyzer | __init__             | Loaded recognizer: UsPassportRecognizer
2026-08-20 15:07:13,166 | INFO  | presidio-analyzer | __init__             | Loaded recognizer: UsSsnRecognizer
2026-08-20 15:07:13,167 | INFO  | presidio-analyzer | __init__             | Loaded recognizer: NhsRecognizer
2026-08-20 15:07:13,168 | INFO  | presidio-analyzer | __init__             | Loaded recognizer: EsNifRecognizer
2026-08-20 15:07:13,168 | INFO  | presidio-analyzer | __init__             | Loaded recognizer: EsNieRecognizer
2026-08-20 15:07:13,169 | INFO  | presidio-analyzer | __init__             | Loaded recognizer: ItDriverLicenseRecognizer
2026-08-20 15:07:13,169 | INFO  | presidio-analyzer | __init__             | Loaded recognizer: ItFiscalCodeRecognizer
2026-08-20 15:07:13,169 | INFO  | presidio-analyzer | __init__             | Loaded recognizer: ItVatCodeRecognizer
2026-08-20 15:07:13,170 | INFO  | presidio-analyzer | __init__             | Loaded recognizer: ItIdentityCardRecognizer
2026-08-20 15:07:13,170 | INFO  | presidio-analyzer | __init__             | Loaded recognizer: ItPassportRecognizer
2026-08-20 15:07:13,171 | INFO  | presidio-analyzer | __init__             | Loaded recognizer: PlPeselRecognizer
2026-08-20 15:07:13,173 | INFO  | presidio-analyzer | __init__             | Loaded recognizer: CryptoRecognizer
2026-08-20 15:07:13,175 | INFO  | presidio-analyzer | __init__             | Loaded recognizer: DateRecognizer
2026-08-20 15:07:13,176 | INFO  | presidio-analyzer | __init__             | Loaded recognizer: EmailRecognizer
2026-08-20 15:07:13,176 | INFO  | presidio-analyzer | __init__             | Loaded recognizer: IbanRecognizer
2026-08-20 15:07:13,177 | INFO  | presidio-analyzer | __init__             | Loaded recognizer: IpRecognizer
2026-08-20 15:07:13,177 | INFO  | presidio-analyzer | __init__             | Loaded recognizer: MedicalLicenseRecognizer
2026-08-20 15:07:13,178 | INFO  | presidio-analyzer | __init__             | Loaded recognizer: MacAddressRecognizer
2026-08-20 15:07:13,178 | INFO  | presidio-analyzer | __init__             | Loaded recognizer: PhoneRecognizer
2026-08-20 15:07:13,179 | INFO  | presidio-analyzer | __init__             | Loaded recognizer: UrlRecognizer
2026-08-20 15:07:13,179 | WARNING | presidio-analyzer | _is_language_supported_globally | Recognizer not added to registry because language is not supported by registry - CreditCardRecognizer supported languages: es, registry supported languages: en
2026-08-20 15:07:13,179 | WARNING | presidio-analyzer | _is_language_supported_globally | Recognizer not added to registry because language is not supported by registry - CreditCardRecognizer supported languages: it, registry supported languages: en
2026-08-20 15:07:13,180 | WARNING | presidio-analyzer | _is_language_supported_globally | Recognizer not added to registry because language is not supported by registry - CreditCardRecognizer supported languages: pl, registry supported languages: en
2026-08-20 15:07:13,180 | WARNING | presidio-analyzer | _is_language_supported_globally | Recognizer not added to registry because language is not supported by registry - EsNifRecognizer supported languages: es, registry supported languages: en
2026-08-20 15:07:13,181 | WARNING | presidio-analyzer | _is_language_supported_globally | Recognizer not added to registry because language is not supported by registry - EsNieRecognizer supported languages: es, registry supported languages: en
2026-08-20 15:07:13,183 | WARNING | presidio-analyzer | _is_language_supported_globally | Recognizer not added to registry because language is not supported by registry - ItDriverLicenseRecognizer supported languages: it, registry supported languages: en
2026-08-20 15:07:13,183 | WARNING | presidio-analyzer | _is_language_supported_globally | Recognizer not added to registry because language is not supported by registry - ItFiscalCodeRecognizer supported languages: it, registry supported languages: en
2026-08-20 15:07:13,184 | WARNING | presidio-analyzer | _is_language_supported_globally | Recognizer not added to registry because language is not supported by registry - ItVatCodeRecognizer supported languages: it, registry supported languages: en
2026-08-20 15:07:13,184 | WARNING | presidio-analyzer | _is_language_supported_globally | Recognizer not added to registry because language is not supported by registry - ItIdentityCardRecognizer supported languages: it, registry supported languages: en
2026-08-20 15:07:13,185 | WARNING | presidio-analyzer | _is_language_supported_globally | Recognizer not added to registry because language is not supported by registry - ItPassportRecognizer supported languages: it, registry supported languages: en
2026-08-20 15:07:13,185 | WARNING | presidio-analyzer | _is_language_supported_globally | Recognizer not added to registry because language is not supported by registry - PlPeselRecognizer supported languages: pl, registry supported languages: en
2026-08-20 15:07:13,185 | INFO  | presidio-analyzer | __init__             | Loaded recognizer: SpacyRecognizer
2026-08-20 15:07:13,186 | INFO  | presidio-analyzer | __init__             | nlp_engine not provided, creating default.
2026-08-20 15:07:14,817 | INFO  | presidio-analyzer | create_engine        | Created NLP engine: spacy. Loaded models: ['en']
2026-08-20 15:07:34,979 | INFO  | presidio-analyzer | __init__             | Using device of type: cpu
2026-08-20 15:07:43,061 | INFO  | gliner.model | from_pretrained      | Loading the following GLiNER type: <class 'gliner.model.UniEncoderSpanGLiNER'>...
2026-08-20 15:07:43,271 | WARNING | huggingface_hub.utils._http | _warn_on_warning_headers | Warning: You are sending unauthenticated requests to the HF Hub. Please set a HF_TOKEN to enable higher rate limits and faster downloads.
2026-08-20 15:07:47,472 | INFO  | presidio-analyzer | __init__             | Loaded recognizer: GLiNERRecognizer
2026-08-20 15:07:47,510 | INFO  | presidio-analyzer | __init__             | Loaded recognizer: CreditCardRecognizer
2026-08-20 15:07:47,511 | INFO  | presidio-analyzer | __init__             | Loaded recognizer: CreditCardRecognizer
2026-08-20 15:07:47,512 | INFO  | presidio-analyzer | __init__             | Loaded recognizer: CreditCardRecognizer
2026-08-20 15:07:47,512 | INFO  | presidio-analyzer | __init__             | Loaded recognizer: CreditCardRecognizer
2026-08-20 15:07:47,513 | INFO  | presidio-analyzer | __init__             | Loaded recognizer: UsBankRecognizer
2026-08-20 15:07:47,513 | INFO  | presidio-analyzer | __init__             | Loaded recognizer: UsLicenseRecognizer
2026-08-20 15:07:47,514 | INFO  | presidio-analyzer | __init__             | Loaded recognizer: UsItinRecognizer
2026-08-20 15:07:47,514 | INFO  | presidio-analyzer | __init__             | Loaded recognizer: UsPassportRecognizer
2026-08-20 15:07:47,515 | INFO  | presidio-analyzer | __init__             | Loaded recognizer: UsSsnRecognizer
2026-08-20 15:07:47,515 | INFO  | presidio-analyzer | __init__             | Loaded recognizer: NhsRecognizer
2026-08-20 15:07:47,516 | INFO  | presidio-analyzer | __init__             | Loaded recognizer: EsNifRecognizer
2026-08-20 15:07:47,516 | INFO  | presidio-analyzer | __init__             | Loaded recognizer: EsNieRecognizer
2026-08-20 15:07:47,517 | INFO  | presidio-analyzer | __init__             | Loaded recognizer: ItDriverLicenseRecognizer
2026-08-20 15:07:47,517 | INFO  | presidio-analyzer | __init__             | Loaded recognizer: ItFiscalCodeRecognizer
2026-08-20 15:07:47,518 | INFO  | presidio-analyzer | __init__             | Loaded recognizer: ItVatCodeRecognizer
2026-08-20 15:07:47,518 | INFO  | presidio-analyzer | __init__             | Loaded recognizer: ItIdentityCardRecognizer
2026-08-20 15:07:47,519 | INFO  | presidio-analyzer | __init__             | Loaded recognizer: ItPassportRecognizer
2026-08-20 15:07:47,519 | INFO  | presidio-analyzer | __init__             | Loaded recognizer: PlPeselRecognizer
2026-08-20 15:07:47,521 | INFO  | presidio-analyzer | __init__             | Loaded recognizer: CryptoRecognizer
2026-08-20 15:07:47,522 | INFO  | presidio-analyzer | __init__             | Loaded recognizer: DateRecognizer
2026-08-20 15:07:47,522 | INFO  | presidio-analyzer | __init__             | Loaded recognizer: EmailRecognizer
2026-08-20 15:07:47,523 | INFO  | presidio-analyzer | __init__             | Loaded recognizer: IbanRecognizer
2026-08-20 15:07:47,523 | INFO  | presidio-analyzer | __init__             | Loaded recognizer: IpRecognizer
2026-08-20 15:07:47,523 | INFO  | presidio-analyzer | __init__             | Loaded recognizer: MedicalLicenseRecognizer
2026-08-20 15:07:47,524 | INFO  | presidio-analyzer | __init__             | Loaded recognizer: MacAddressRecognizer
2026-08-20 15:07:47,524 | INFO  | presidio-analyzer | __init__             | Loaded recognizer: PhoneRecognizer
2026-08-20 15:07:47,525 | INFO  | presidio-analyzer | __init__             | Loaded recognizer: UrlRecognizer
2026-08-20 15:07:47,525 | WARNING | presidio-analyzer | _is_language_supported_globally | Recognizer not added to registry because language is not supported by registry - CreditCardRecognizer supported languages: es, registry supported languages: en
2026-08-20 15:07:47,526 | WARNING | presidio-analyzer | _is_language_supported_globally | Recognizer not added to registry because language is not supported by registry - CreditCardRecognizer supported languages: it, registry supported languages: en
2026-08-20 15:07:47,526 | WARNING | presidio-analyzer | _is_language_supported_globally | Recognizer not added to registry because language is not supported by registry - CreditCardRecognizer supported languages: pl, registry supported languages: en
2026-08-20 15:07:47,527 | WARNING | presidio-analyzer | _is_language_supported_globally | Recognizer not added to registry because language is not supported by registry - EsNifRecognizer supported languages: es, registry supported languages: en
2026-08-20 15:07:47,527 | WARNING | presidio-analyzer | _is_language_supported_globally | Recognizer not added to registry because language is not supported by registry - EsNieRecognizer supported languages: es, registry supported languages: en
2026-08-20 15:07:47,527 | WARNING | presidio-analyzer | _is_language_supported_globally | Recognizer not added to registry because language is not supported by registry - ItDriverLicenseRecognizer supported languages: it, registry supported languages: en
2026-08-20 15:07:47,528 | WARNING | presidio-analyzer | _is_language_supported_globally | Recognizer not added to registry because language is not supported by registry - ItFiscalCodeRecognizer supported languages: it, registry supported languages: en
2026-08-20 15:07:47,528 | WARNING | presidio-analyzer | _is_language_supported_globally | Recognizer not added to registry because language is not supported by registry - ItVatCodeRecognizer supported languages: it, registry supported languages: en
2026-08-20 15:07:47,529 | WARNING | presidio-analyzer | _is_language_supported_globally | Recognizer not added to registry because language is not supported by registry - ItIdentityCardRecognizer supported languages: it, registry supported languages: en
2026-08-20 15:07:47,529 | WARNING | presidio-analyzer | _is_language_supported_globally | Recognizer not added to registry because language is not supported by registry - ItPassportRecognizer supported languages: it, registry supported languages: en
2026-08-20 15:07:47,531 | WARNING | presidio-analyzer | _is_language_supported_globally | Recognizer not added to registry because language is not supported by registry - PlPeselRecognizer supported languages: pl, registry supported languages: en
2026-08-20 15:07:47,532 | INFO  | presidio-analyzer | __init__             | Loaded recognizer: SpacyRecognizer
2026-08-20 15:07:47,532 | INFO  | presidio-analyzer | __init__             | nlp_engine not provided, creating default.
2026-08-20 15:07:48,837 | INFO  | presidio-analyzer | create_engine        | Created NLP engine: spacy. Loaded models: ['en']
2026-08-20 15:07:49,426 | INFO  | gliner.model | from_pretrained      | Loading the following GLiNER type: <class 'gliner.model.UniEncoderSpanGLiNER'>...
2026-08-20 15:07:53,737 | INFO  | presidio-analyzer | __init__             | Loaded recognizer: GLiNERRecognizer
2026-08-20 15:07:53,776 | INFO  | presidio-analyzer | __init__             | Loaded recognizer: CreditCardRecognizer
2026-08-20 15:07:53,776 | INFO  | presidio-analyzer | __init__             | Loaded recognizer: CreditCardRecognizer
2026-08-20 15:07:53,777 | INFO  | presidio-analyzer | __init__             | Loaded recognizer: CreditCardRecognizer
2026-08-20 15:07:53,778 | INFO  | presidio-analyzer | __init__             | Loaded recognizer: CreditCardRecognizer
2026-08-20 15:07:53,778 | INFO  | presidio-analyzer | __init__             | Loaded recognizer: UsBankRecognizer
2026-08-20 15:07:53,779 | INFO  | presidio-analyzer | __init__             | Loaded recognizer: UsLicenseRecognizer
2026-08-20 15:07:53,779 | INFO  | presidio-analyzer | __init__             | Loaded recognizer: UsItinRecognizer
2026-08-20 15:07:53,780 | INFO  | presidio-analyzer | __init__             | Loaded recognizer: UsPassportRecognizer
2026-08-20 15:07:53,780 | INFO  | presidio-analyzer | __init__             | Loaded recognizer: UsSsnRecognizer
2026-08-20 15:07:53,781 | INFO  | presidio-analyzer | __init__             | Loaded recognizer: NhsRecognizer
2026-08-20 15:07:53,781 | INFO  | presidio-analyzer | __init__             | Loaded recognizer: EsNifRecognizer
2026-08-20 15:07:53,782 | INFO  | presidio-analyzer | __init__             | Loaded recognizer: EsNieRecognizer
2026-08-20 15:07:53,782 | INFO  | presidio-analyzer | __init__             | Loaded recognizer: ItDriverLicenseRecognizer
2026-08-20 15:07:53,783 | INFO  | presidio-analyzer | __init__             | Loaded recognizer: ItFiscalCodeRecognizer
2026-08-20 15:07:53,783 | INFO  | presidio-analyzer | __init__             | Loaded recognizer: ItVatCodeRecognizer
2026-08-20 15:07:53,783 | INFO  | presidio-analyzer | __init__             | Loaded recognizer: ItIdentityCardRecognizer
2026-08-20 15:07:53,784 | INFO  | presidio-analyzer | __init__             | Loaded recognizer: ItPassportRecognizer
2026-08-20 15:07:53,784 | INFO  | presidio-analyzer | __init__             | Loaded recognizer: PlPeselRecognizer
2026-08-20 15:07:53,785 | INFO  | presidio-analyzer | __init__             | Loaded recognizer: CryptoRecognizer
2026-08-20 15:07:53,785 | INFO  | presidio-analyzer | __init__             | Loaded recognizer: DateRecognizer
2026-08-20 15:07:53,786 | INFO  | presidio-analyzer | __init__             | Loaded recognizer: EmailRecognizer
2026-08-20 15:07:53,786 | INFO  | presidio-analyzer | __init__             | Loaded recognizer: IbanRecognizer
2026-08-20 15:07:53,787 | INFO  | presidio-analyzer | __init__             | Loaded recognizer: IpRecognizer
2026-08-20 15:07:53,787 | INFO  | presidio-analyzer | __init__             | Loaded recognizer: MedicalLicenseRecognizer
2026-08-20 15:07:53,787 | INFO  | presidio-analyzer | __init__             | Loaded recognizer: MacAddressRecognizer
2026-08-20 15:07:53,788 | INFO  | presidio-analyzer | __init__             | Loaded recognizer: PhoneRecognizer
2026-08-20 15:07:53,790 | INFO  | presidio-analyzer | __init__             | Loaded recognizer: UrlRecognizer
2026-08-20 15:07:53,790 | WARNING | presidio-analyzer | _is_language_supported_globally | Recognizer not added to registry because language is not supported by registry - CreditCardRecognizer supported languages: es, registry supported languages: en
2026-08-20 15:07:53,791 | WARNING | presidio-analyzer | _is_language_supported_globally | Recognizer not added to registry because language is not supported by registry - CreditCardRecognizer supported languages: it, registry supported languages: en
2026-08-20 15:07:53,791 | WARNING | presidio-analyzer | _is_language_supported_globally | Recognizer not added to registry because language is not supported by registry - CreditCardRecognizer supported languages: pl, registry supported languages: en
2026-08-20 15:07:53,792 | WARNING | presidio-analyzer | _is_language_supported_globally | Recognizer not added to registry because language is not supported by registry - EsNifRecognizer supported languages: es, registry supported languages: en
2026-08-20 15:07:53,792 | WARNING | presidio-analyzer | _is_language_supported_globally | Recognizer not added to registry because language is not supported by registry - EsNieRecognizer supported languages: es, registry supported languages: en
2026-08-20 15:07:53,792 | WARNING | presidio-analyzer | _is_language_supported_globally | Recognizer not added to registry because language is not supported by registry - ItDriverLicenseRecognizer supported languages: it, registry supported languages: en
2026-08-20 15:07:53,793 | WARNING | presidio-analyzer | _is_language_supported_globally | Recognizer not added to registry because language is not supported by registry - ItFiscalCodeRecognizer supported languages: it, registry supported languages: en
2026-08-20 15:07:53,793 | WARNING | presidio-analyzer | _is_language_supported_globally | Recognizer not added to registry because language is not supported by registry - ItVatCodeRecognizer supported languages: it, registry supported languages: en
2026-08-20 15:07:53,794 | WARNING | presidio-analyzer | _is_language_supported_globally | Recognizer not added to registry because language is not supported by registry - ItIdentityCardRecognizer supported languages: it, registry supported languages: en
2026-08-20 15:07:53,794 | WARNING | presidio-analyzer | _is_language_supported_globally | Recognizer not added to registry because language is not supported by registry - ItPassportRecognizer supported languages: it, registry supported languages: en
2026-08-20 15:07:53,794 | WARNING | presidio-analyzer | _is_language_supported_globally | Recognizer not added to registry because language is not supported by registry - PlPeselRecognizer supported languages: pl, registry supported languages: en
2026-08-20 15:07:53,795 | INFO  | presidio-analyzer | __init__             | Loaded recognizer: SpacyRecognizer
2026-08-20 15:07:53,795 | INFO  | presidio-analyzer | __init__             | nlp_engine not provided, creating default.
2026-08-20 15:07:55,018 | INFO  | presidio-analyzer | create_engine        | Created NLP engine: spacy. Loaded models: ['en']
2026-08-20 15:08:12,605 | INFO  | presidio-analyzer | __init__             | Using device of type: cpu
2026-08-20 15:08:21,609 | INFO  | gliner.model | from_pretrained      | Loading the following GLiNER type: <class 'gliner.model.UniEncoderSpanGLiNER'>...
2026-08-20 15:08:22,054 | WARNING | huggingface_hub.utils._http | _warn_on_warning_headers | Warning: You are sending unauthenticated requests to the HF Hub. Please set a HF_TOKEN to enable higher rate limits and faster downloads.
2026-08-20 15:08:26,294 | INFO  | presidio-analyzer | __init__             | Loaded recognizer: GLiNERRecognizer
2026-08-20 15:08:26,335 | INFO  | presidio-analyzer | __init__             | Loaded recognizer: CreditCardRecognizer
2026-08-20 15:08:26,335 | INFO  | presidio-analyzer | __init__             | Loaded recognizer: CreditCardRecognizer
2026-08-20 15:08:26,337 | INFO  | presidio-analyzer | __init__             | Loaded recognizer: CreditCardRecognizer
2026-08-20 15:08:26,337 | INFO  | presidio-analyzer | __init__             | Loaded recognizer: CreditCardRecognizer
2026-08-20 15:08:26,338 | INFO  | presidio-analyzer | __init__             | Loaded recognizer: UsBankRecognizer
2026-08-20 15:08:26,338 | INFO  | presidio-analyzer | __init__             | Loaded recognizer: UsLicenseRecognizer
2026-08-20 15:08:26,338 | INFO  | presidio-analyzer | __init__             | Loaded recognizer: UsItinRecognizer
2026-08-20 15:08:26,339 | INFO  | presidio-analyzer | __init__             | Loaded recognizer: UsPassportRecognizer
2026-08-20 15:08:26,340 | INFO  | presidio-analyzer | __init__             | Loaded recognizer: UsSsnRecognizer
2026-08-20 15:08:26,340 | INFO  | presidio-analyzer | __init__             | Loaded recognizer: NhsRecognizer
2026-08-20 15:08:26,341 | INFO  | presidio-analyzer | __init__             | Loaded recognizer: EsNifRecognizer
2026-08-20 15:08:26,341 | INFO  | presidio-analyzer | __init__             | Loaded recognizer: EsNieRecognizer
2026-08-20 15:08:26,341 | INFO  | presidio-analyzer | __init__             | Loaded recognizer: ItDriverLicenseRecognizer
2026-08-20 15:08:26,342 | INFO  | presidio-analyzer | __init__             | Loaded recognizer: ItFiscalCodeRecognizer
2026-08-20 15:08:26,342 | INFO  | presidio-analyzer | __init__             | Loaded recognizer: ItVatCodeRecognizer
2026-08-20 15:08:26,343 | INFO  | presidio-analyzer | __init__             | Loaded recognizer: ItIdentityCardRecognizer
2026-08-20 15:08:26,343 | INFO  | presidio-analyzer | __init__             | Loaded recognizer: ItPassportRecognizer
2026-08-20 15:08:26,344 | INFO  | presidio-analyzer | __init__             | Loaded recognizer: PlPeselRecognizer
2026-08-20 15:08:26,344 | INFO  | presidio-analyzer | __init__             | Loaded recognizer: CryptoRecognizer
2026-08-20 15:08:26,345 | INFO  | presidio-analyzer | __init__             | Loaded recognizer: DateRecognizer
2026-08-20 15:08:26,345 | INFO  | presidio-analyzer | __init__             | Loaded recognizer: EmailRecognizer
2026-08-20 15:08:26,346 | INFO  | presidio-analyzer | __init__             | Loaded recognizer: IbanRecognizer
2026-08-20 15:08:26,346 | INFO  | presidio-analyzer | __init__             | Loaded recognizer: IpRecognizer
2026-08-20 15:08:26,347 | INFO  | presidio-analyzer | __init__             | Loaded recognizer: MedicalLicenseRecognizer
2026-08-20 15:08:26,347 | INFO  | presidio-analyzer | __init__             | Loaded recognizer: MacAddressRecognizer
2026-08-20 15:08:26,348 | INFO  | presidio-analyzer | __init__             | Loaded recognizer: PhoneRecognizer
2026-08-20 15:08:26,350 | INFO  | presidio-analyzer | __init__             | Loaded recognizer: UrlRecognizer
2026-08-20 15:08:26,350 | WARNING | presidio-analyzer | _is_language_supported_globally | Recognizer not added to registry because language is not supported by registry - CreditCardRecognizer supported languages: es, registry supported languages: en
2026-08-20 15:08:26,351 | WARNING | presidio-analyzer | _is_language_supported_globally | Recognizer not added to registry because language is not supported by registry - CreditCardRecognizer supported languages: it, registry supported languages: en
2026-08-20 15:08:26,351 | WARNING | presidio-analyzer | _is_language_supported_globally | Recognizer not added to registry because language is not supported by registry - CreditCardRecognizer supported languages: pl, registry supported languages: en
2026-08-20 15:08:26,352 | WARNING | presidio-analyzer | _is_language_supported_globally | Recognizer not added to registry because language is not supported by registry - EsNifRecognizer supported languages: es, registry supported languages: en
2026-08-20 15:08:26,352 | WARNING | presidio-analyzer | _is_language_supported_globally | Recognizer not added to registry because language is not supported by registry - EsNieRecognizer supported languages: es, registry supported languages: en
2026-08-20 15:08:26,352 | WARNING | presidio-analyzer | _is_language_supported_globally | Recognizer not added to registry because language is not supported by registry - ItDriverLicenseRecognizer supported languages: it, registry supported languages: en
2026-08-20 15:08:26,353 | WARNING | presidio-analyzer | _is_language_supported_globally | Recognizer not added to registry because language is not supported by registry - ItFiscalCodeRecognizer supported languages: it, registry supported languages: en
2026-08-20 15:08:26,353 | WARNING | presidio-analyzer | _is_language_supported_globally | Recognizer not added to registry because language is not supported by registry - ItVatCodeRecognizer supported languages: it, registry supported languages: en
2026-08-20 15:08:26,354 | WARNING | presidio-analyzer | _is_language_supported_globally | Recognizer not added to registry because language is not supported by registry - ItIdentityCardRecognizer supported languages: it, registry supported languages: en
2026-08-20 15:08:26,354 | WARNING | presidio-analyzer | _is_language_supported_globally | Recognizer not added to registry because language is not supported by registry - ItPassportRecognizer supported languages: it, registry supported languages: en
2026-08-20 15:08:26,355 | WARNING | presidio-analyzer | _is_language_supported_globally | Recognizer not added to registry because language is not supported by registry - PlPeselRecognizer supported languages: pl, registry supported languages: en
2026-08-20 15:08:26,355 | INFO  | presidio-analyzer | __init__             | Loaded recognizer: SpacyRecognizer
2026-08-20 15:08:26,356 | INFO  | presidio-analyzer | __init__             | nlp_engine not provided, creating default.
2026-08-20 15:08:27,709 | INFO  | presidio-analyzer | create_engine        | Created NLP engine: spacy. Loaded models: ['en']
2026-08-20 15:08:28,397 | INFO  | gliner.model | from_pretrained      | Loading the following GLiNER type: <class 'gliner.model.UniEncoderSpanGLiNER'>...
2026-08-20 15:08:33,211 | INFO  | presidio-analyzer | __init__             | Loaded recognizer: GLiNERRecognizer
2026-08-20 15:08:33,258 | INFO  | presidio-analyzer | __init__             | Loaded recognizer: CreditCardRecognizer
2026-08-20 15:08:33,259 | INFO  | presidio-analyzer | __init__             | Loaded recognizer: CreditCardRecognizer
2026-08-20 15:08:33,260 | INFO  | presidio-analyzer | __init__             | Loaded recognizer: CreditCardRecognizer
2026-08-20 15:08:33,260 | INFO  | presidio-analyzer | __init__             | Loaded recognizer: CreditCardRecognizer
2026-08-20 15:08:33,261 | INFO  | presidio-analyzer | __init__             | Loaded recognizer: UsBankRecognizer
2026-08-20 15:08:33,261 | INFO  | presidio-analyzer | __init__             | Loaded recognizer: UsLicenseRecognizer
2026-08-20 15:08:33,262 | INFO  | presidio-analyzer | __init__             | Loaded recognizer: UsItinRecognizer
2026-08-20 15:08:33,262 | INFO  | presidio-analyzer | __init__             | Loaded recognizer: UsPassportRecognizer
2026-08-20 15:08:33,263 | INFO  | presidio-analyzer | __init__             | Loaded recognizer: UsSsnRecognizer
2026-08-20 15:08:33,263 | INFO  | presidio-analyzer | __init__             | Loaded recognizer: NhsRecognizer
2026-08-20 15:08:33,264 | INFO  | presidio-analyzer | __init__             | Loaded recognizer: EsNifRecognizer
2026-08-20 15:08:33,264 | INFO  | presidio-analyzer | __init__             | Loaded recognizer: EsNieRecognizer
2026-08-20 15:08:33,265 | INFO  | presidio-analyzer | __init__             | Loaded recognizer: ItDriverLicenseRecognizer
2026-08-20 15:08:33,265 | INFO  | presidio-analyzer | __init__             | Loaded recognizer: ItFiscalCodeRecognizer
2026-08-20 15:08:33,266 | INFO  | presidio-analyzer | __init__             | Loaded recognizer: ItVatCodeRecognizer
2026-08-20 15:08:33,266 | INFO  | presidio-analyzer | __init__             | Loaded recognizer: ItIdentityCardRecognizer
2026-08-20 15:08:33,267 | INFO  | presidio-analyzer | __init__             | Loaded recognizer: ItPassportRecognizer
2026-08-20 15:08:33,267 | INFO  | presidio-analyzer | __init__             | Loaded recognizer: PlPeselRecognizer
2026-08-20 15:08:33,268 | INFO  | presidio-analyzer | __init__             | Loaded recognizer: CryptoRecognizer
2026-08-20 15:08:33,268 | INFO  | presidio-analyzer | __init__             | Loaded recognizer: DateRecognizer
2026-08-20 15:08:33,269 | INFO  | presidio-analyzer | __init__             | Loaded recognizer: EmailRecognizer
2026-08-20 15:08:33,269 | INFO  | presidio-analyzer | __init__             | Loaded recognizer: IbanRecognizer
2026-08-20 15:08:33,270 | INFO  | presidio-analyzer | __init__             | Loaded recognizer: IpRecognizer
2026-08-20 15:08:33,270 | INFO  | presidio-analyzer | __init__             | Loaded recognizer: MedicalLicenseRecognizer
2026-08-20 15:08:33,271 | INFO  | presidio-analyzer | __init__             | Loaded recognizer: MacAddressRecognizer
2026-08-20 15:08:33,271 | INFO  | presidio-analyzer | __init__             | Loaded recognizer: PhoneRecognizer
2026-08-20 15:08:33,272 | INFO  | presidio-analyzer | __init__             | Loaded recognizer: UrlRecognizer
2026-08-20 15:08:33,272 | WARNING | presidio-analyzer | _is_language_supported_globally | Recognizer not added to registry because language is not supported by registry - CreditCardRecognizer supported languages: es, registry supported languages: en
2026-08-20 15:08:33,272 | WARNING | presidio-analyzer | _is_language_supported_globally | Recognizer not added to registry because language is not supported by registry - CreditCardRecognizer supported languages: it, registry supported languages: en
2026-08-20 15:08:33,273 | WARNING | presidio-analyzer | _is_language_supported_globally | Recognizer not added to registry because language is not supported by registry - CreditCardRecognizer supported languages: pl, registry supported languages: en
2026-08-20 15:08:33,275 | WARNING | presidio-analyzer | _is_language_supported_globally | Recognizer not added to registry because language is not supported by registry - EsNifRecognizer supported languages: es, registry supported languages: en
2026-08-20 15:08:33,276 | WARNING | presidio-analyzer | _is_language_supported_globally | Recognizer not added to registry because language is not supported by registry - EsNieRecognizer supported languages: es, registry supported languages: en
2026-08-20 15:08:33,276 | WARNING | presidio-analyzer | _is_language_supported_globally | Recognizer not added to registry because language is not supported by registry - ItDriverLicenseRecognizer supported languages: it, registry supported languages: en
2026-08-20 15:08:33,276 | WARNING | presidio-analyzer | _is_language_supported_globally | Recognizer not added to registry because language is not supported by registry - ItFiscalCodeRecognizer supported languages: it, registry supported languages: en
2026-08-20 15:08:33,277 | WARNING | presidio-analyzer | _is_language_supported_globally | Recognizer not added to registry because language is not supported by registry - ItVatCodeRecognizer supported languages: it, registry supported languages: en
2026-08-20 15:08:33,277 | WARNING | presidio-analyzer | _is_language_supported_globally | Recognizer not added to registry because language is not supported by registry - ItIdentityCardRecognizer supported languages: it, registry supported languages: en
2026-08-20 15:08:33,278 | WARNING | presidio-analyzer | _is_language_supported_globally | Recognizer not added to registry because language is not supported by registry - ItPassportRecognizer supported languages: it, registry supported languages: en
2026-08-20 15:08:33,278 | WARNING | presidio-analyzer | _is_language_supported_globally | Recognizer not added to registry because language is not supported by registry - PlPeselRecognizer supported languages: pl, registry supported languages: en
2026-08-20 15:08:33,279 | INFO  | presidio-analyzer | __init__             | Loaded recognizer: SpacyRecognizer
2026-08-20 15:08:33,279 | INFO  | presidio-analyzer | __init__             | nlp_engine not provided, creating default.
2026-08-20 15:08:34,795 | INFO  | presidio-analyzer | create_engine        | Created NLP engine: spacy. Loaded models: ['en']
2026-08-20 15:11:51,485 | INFO  | presidio-analyzer | __init__             | Using device of type: cpu
2026-08-20 15:12:00,889 | INFO  | gliner.model | from_pretrained      | Loading the following GLiNER type: <class 'gliner.model.UniEncoderSpanGLiNER'>...
2026-08-20 15:12:01,328 | WARNING | huggingface_hub.utils._http | _warn_on_warning_headers | Warning: You are sending unauthenticated requests to the HF Hub. Please set a HF_TOKEN to enable higher rate limits and faster downloads.
2026-08-20 15:12:05,856 | INFO  | presidio-analyzer | __init__             | Loaded recognizer: GLiNERRecognizer
2026-08-20 15:12:05,896 | INFO  | presidio-analyzer | __init__             | Loaded recognizer: CreditCardRecognizer
2026-08-20 15:12:05,896 | INFO  | presidio-analyzer | __init__             | Loaded recognizer: CreditCardRecognizer
2026-08-20 15:12:05,898 | INFO  | presidio-analyzer | __init__             | Loaded recognizer: CreditCardRecognizer
2026-08-20 15:12:05,898 | INFO  | presidio-analyzer | __init__             | Loaded recognizer: CreditCardRecognizer
2026-08-20 15:12:05,898 | INFO  | presidio-analyzer | __init__             | Loaded recognizer: UsBankRecognizer
2026-08-20 15:12:05,899 | INFO  | presidio-analyzer | __init__             | Loaded recognizer: UsLicenseRecognizer
2026-08-20 15:12:05,899 | INFO  | presidio-analyzer | __init__             | Loaded recognizer: UsItinRecognizer
2026-08-20 15:12:05,900 | INFO  | presidio-analyzer | __init__             | Loaded recognizer: UsPassportRecognizer
2026-08-20 15:12:05,900 | INFO  | presidio-analyzer | __init__             | Loaded recognizer: UsSsnRecognizer
2026-08-20 15:12:05,901 | INFO  | presidio-analyzer | __init__             | Loaded recognizer: NhsRecognizer
2026-08-20 15:12:05,901 | INFO  | presidio-analyzer | __init__             | Loaded recognizer: EsNifRecognizer
2026-08-20 15:12:05,902 | INFO  | presidio-analyzer | __init__             | Loaded recognizer: EsNieRecognizer
2026-08-20 15:12:05,902 | INFO  | presidio-analyzer | __init__             | Loaded recognizer: ItDriverLicenseRecognizer
2026-08-20 15:12:05,903 | INFO  | presidio-analyzer | __init__             | Loaded recognizer: ItFiscalCodeRecognizer
2026-08-20 15:12:05,903 | INFO  | presidio-analyzer | __init__             | Loaded recognizer: ItVatCodeRecognizer
2026-08-20 15:12:05,904 | INFO  | presidio-analyzer | __init__             | Loaded recognizer: ItIdentityCardRecognizer
2026-08-20 15:12:05,904 | INFO  | presidio-analyzer | __init__             | Loaded recognizer: ItPassportRecognizer
2026-08-20 15:12:05,905 | INFO  | presidio-analyzer | __init__             | Loaded recognizer: PlPeselRecognizer
2026-08-20 15:12:05,905 | INFO  | presidio-analyzer | __init__             | Loaded recognizer: CryptoRecognizer
2026-08-20 15:12:05,906 | INFO  | presidio-analyzer | __init__             | Loaded recognizer: DateRecognizer
2026-08-20 15:12:05,906 | INFO  | presidio-analyzer | __init__             | Loaded recognizer: EmailRecognizer
2026-08-20 15:12:05,907 | INFO  | presidio-analyzer | __init__             | Loaded recognizer: IbanRecognizer
2026-08-20 15:12:05,907 | INFO  | presidio-analyzer | __init__             | Loaded recognizer: IpRecognizer
2026-08-20 15:12:05,907 | INFO  | presidio-analyzer | __init__             | Loaded recognizer: MedicalLicenseRecognizer
2026-08-20 15:12:05,908 | INFO  | presidio-analyzer | __init__             | Loaded recognizer: MacAddressRecognizer
2026-08-20 15:12:05,908 | INFO  | presidio-analyzer | __init__             | Loaded recognizer: PhoneRecognizer
2026-08-20 15:12:05,909 | INFO  | presidio-analyzer | __init__             | Loaded recognizer: UrlRecognizer
2026-08-20 15:12:05,909 | WARNING | presidio-analyzer | _is_language_supported_globally | Recognizer not added to registry because language is not supported by registry - CreditCardRecognizer supported languages: es, registry supported languages: en
2026-08-20 15:12:05,910 | WARNING | presidio-analyzer | _is_language_supported_globally | Recognizer not added to registry because language is not supported by registry - CreditCardRecognizer supported languages: it, registry supported languages: en
2026-08-20 15:12:05,910 | WARNING | presidio-analyzer | _is_language_supported_globally | Recognizer not added to registry because language is not supported by registry - CreditCardRecognizer supported languages: pl, registry supported languages: en
2026-08-20 15:12:05,911 | WARNING | presidio-analyzer | _is_language_supported_globally | Recognizer not added to registry because language is not supported by registry - EsNifRecognizer supported languages: es, registry supported languages: en
2026-08-20 15:12:05,911 | WARNING | presidio-analyzer | _is_language_supported_globally | Recognizer not added to registry because language is not supported by registry - EsNieRecognizer supported languages: es, registry supported languages: en
2026-08-20 15:12:05,912 | WARNING | presidio-analyzer | _is_language_supported_globally | Recognizer not added to registry because language is not supported by registry - ItDriverLicenseRecognizer supported languages: it, registry supported languages: en
2026-08-20 15:12:05,912 | WARNING | presidio-analyzer | _is_language_supported_globally | Recognizer not added to registry because language is not supported by registry - ItFiscalCodeRecognizer supported languages: it, registry supported languages: en
2026-08-20 15:12:05,912 | WARNING | presidio-analyzer | _is_language_supported_globally | Recognizer not added to registry because language is not supported by registry - ItVatCodeRecognizer supported languages: it, registry supported languages: en
2026-08-20 15:12:05,913 | WARNING | presidio-analyzer | _is_language_supported_globally | Recognizer not added to registry because language is not supported by registry - ItIdentityCardRecognizer supported languages: it, registry supported languages: en
2026-08-20 15:12:05,913 | WARNING | presidio-analyzer | _is_language_supported_globally | Recognizer not added to registry because language is not supported by registry - ItPassportRecognizer supported languages: it, registry supported languages: en
2026-08-20 15:12:05,914 | WARNING | presidio-analyzer | _is_language_supported_globally | Recognizer not added to registry because language is not supported by registry - PlPeselRecognizer supported languages: pl, registry supported languages: en
2026-08-20 15:12:05,914 | INFO  | presidio-analyzer | __init__             | Loaded recognizer: SpacyRecognizer
2026-08-20 15:12:05,915 | INFO  | presidio-analyzer | __init__             | nlp_engine not provided, creating default.
2026-08-20 15:12:07,537 | INFO  | presidio-analyzer | create_engine        | Created NLP engine: spacy. Loaded models: ['en']
2026-08-20 15:16:05,023 | INFO  | gliner.model | from_pretrained      | Loading the following GLiNER type: <class 'gliner.model.UniEncoderSpanGLiNER'>...
2026-08-20 15:16:09,612 | INFO  | presidio-analyzer | __init__             | Loaded recognizer: GLiNERRecognizer
2026-08-20 15:16:09,651 | INFO  | presidio-analyzer | __init__             | Loaded recognizer: CreditCardRecognizer
2026-08-20 15:16:09,652 | INFO  | presidio-analyzer | __init__             | Loaded recognizer: CreditCardRecognizer
2026-08-20 15:16:09,654 | INFO  | presidio-analyzer | __init__             | Loaded recognizer: CreditCardRecognizer
2026-08-20 15:16:09,654 | INFO  | presidio-analyzer | __init__             | Loaded recognizer: CreditCardRecognizer
2026-08-20 15:16:09,655 | INFO  | presidio-analyzer | __init__             | Loaded recognizer: UsBankRecognizer
2026-08-20 15:16:09,656 | INFO  | presidio-analyzer | __init__             | Loaded recognizer: UsLicenseRecognizer
2026-08-20 15:16:09,656 | INFO  | presidio-analyzer | __init__             | Loaded recognizer: UsItinRecognizer
2026-08-20 15:16:09,657 | INFO  | presidio-analyzer | __init__             | Loaded recognizer: UsPassportRecognizer
2026-08-20 15:16:09,657 | INFO  | presidio-analyzer | __init__             | Loaded recognizer: UsSsnRecognizer
2026-08-20 15:16:09,658 | INFO  | presidio-analyzer | __init__             | Loaded recognizer: NhsRecognizer
2026-08-20 15:16:09,658 | INFO  | presidio-analyzer | __init__             | Loaded recognizer: EsNifRecognizer
2026-08-20 15:16:09,658 | INFO  | presidio-analyzer | __init__             | Loaded recognizer: EsNieRecognizer
2026-08-20 15:16:09,659 | INFO  | presidio-analyzer | __init__             | Loaded recognizer: ItDriverLicenseRecognizer
2026-08-20 15:16:09,660 | INFO  | presidio-analyzer | __init__             | Loaded recognizer: ItFiscalCodeRecognizer
2026-08-20 15:16:09,660 | INFO  | presidio-analyzer | __init__             | Loaded recognizer: ItVatCodeRecognizer
2026-08-20 15:16:09,661 | INFO  | presidio-analyzer | __init__             | Loaded recognizer: ItIdentityCardRecognizer
2026-08-20 15:16:09,661 | INFO  | presidio-analyzer | __init__             | Loaded recognizer: ItPassportRecognizer
2026-08-20 15:16:09,662 | INFO  | presidio-analyzer | __init__             | Loaded recognizer: PlPeselRecognizer
2026-08-20 15:16:09,662 | INFO  | presidio-analyzer | __init__             | Loaded recognizer: CryptoRecognizer
2026-08-20 15:16:09,662 | INFO  | presidio-analyzer | __init__             | Loaded recognizer: DateRecognizer
2026-08-20 15:16:09,663 | INFO  | presidio-analyzer | __init__             | Loaded recognizer: EmailRecognizer
2026-08-20 15:16:09,663 | INFO  | presidio-analyzer | __init__             | Loaded recognizer: IbanRecognizer
2026-08-20 15:16:09,664 | INFO  | presidio-analyzer | __init__             | Loaded recognizer: IpRecognizer
2026-08-20 15:16:09,664 | INFO  | presidio-analyzer | __init__             | Loaded recognizer: MedicalLicenseRecognizer
2026-08-20 15:16:09,665 | INFO  | presidio-analyzer | __init__             | Loaded recognizer: MacAddressRecognizer
2026-08-20 15:16:09,665 | INFO  | presidio-analyzer | __init__             | Loaded recognizer: PhoneRecognizer
2026-08-20 15:16:09,666 | INFO  | presidio-analyzer | __init__             | Loaded recognizer: UrlRecognizer
2026-08-20 15:16:09,666 | WARNING | presidio-analyzer | _is_language_supported_globally | Recognizer not added to registry because language is not supported by registry - CreditCardRecognizer supported languages: es, registry supported languages: en
2026-08-20 15:16:09,667 | WARNING | presidio-analyzer | _is_language_supported_globally | Recognizer not added to registry because language is not supported by registry - CreditCardRecognizer supported languages: it, registry supported languages: en
2026-08-20 15:16:09,667 | WARNING | presidio-analyzer | _is_language_supported_globally | Recognizer not added to registry because language is not supported by registry - CreditCardRecognizer supported languages: pl, registry supported languages: en
2026-08-20 15:16:09,667 | WARNING | presidio-analyzer | _is_language_supported_globally | Recognizer not added to registry because language is not supported by registry - EsNifRecognizer supported languages: es, registry supported languages: en
2026-08-20 15:16:09,668 | WARNING | presidio-analyzer | _is_language_supported_globally | Recognizer not added to registry because language is not supported by registry - EsNieRecognizer supported languages: es, registry supported languages: en
2026-08-20 15:16:09,670 | WARNING | presidio-analyzer | _is_language_supported_globally | Recognizer not added to registry because language is not supported by registry - ItDriverLicenseRecognizer supported languages: it, registry supported languages: en
2026-08-20 15:16:09,671 | WARNING | presidio-analyzer | _is_language_supported_globally | Recognizer not added to registry because language is not supported by registry - ItFiscalCodeRecognizer supported languages: it, registry supported languages: en
2026-08-20 15:16:09,671 | WARNING | presidio-analyzer | _is_language_supported_globally | Recognizer not added to registry because language is not supported by registry - ItVatCodeRecognizer supported languages: it, registry supported languages: en
2026-08-20 15:16:09,671 | WARNING | presidio-analyzer | _is_language_supported_globally | Recognizer not added to registry because language is not supported by registry - ItIdentityCardRecognizer supported languages: it, registry supported languages: en
2026-08-20 15:16:09,672 | WARNING | presidio-analyzer | _is_language_supported_globally | Recognizer not added to registry because language is not supported by registry - ItPassportRecognizer supported languages: it, registry supported languages: en
2026-08-20 15:16:09,672 | WARNING | presidio-analyzer | _is_language_supported_globally | Recognizer not added to registry because language is not supported by registry - PlPeselRecognizer supported languages: pl, registry supported languages: en
2026-08-20 15:16:09,673 | INFO  | presidio-analyzer | __init__             | Loaded recognizer: SpacyRecognizer
2026-08-20 15:16:09,673 | INFO  | presidio-analyzer | __init__             | nlp_engine not provided, creating default.
2026-08-20 15:16:11,060 | INFO  | presidio-analyzer | create_engine        | Created NLP engine: spacy. Loaded models: ['en']
2026-08-20 15:16:17,018 | INFO  | SBA  | stream_query         | ============================================================
2026-08-20 15:16:17,018 | INFO  | SBA  | stream_query         | Streaming query received | query=who am i ?
2026-08-20 15:16:17,019 | INFO  | SBA  | stream_query         | ============================================================
2026-08-20 15:16:18,314 | INFO  | gliner.model | from_pretrained      | Loading the following GLiNER type: <class 'gliner.model.UniEncoderSpanGLiNER'>...
2026-08-20 15:16:23,352 | INFO  | presidio-analyzer | __init__             | Loaded recognizer: GLiNERRecognizer
2026-08-20 15:16:23,394 | INFO  | presidio-analyzer | __init__             | Loaded recognizer: CreditCardRecognizer
2026-08-20 15:16:23,394 | INFO  | presidio-analyzer | __init__             | Loaded recognizer: CreditCardRecognizer
2026-08-20 15:16:23,396 | INFO  | presidio-analyzer | __init__             | Loaded recognizer: CreditCardRecognizer
2026-08-20 15:16:23,396 | INFO  | presidio-analyzer | __init__             | Loaded recognizer: CreditCardRecognizer
2026-08-20 15:16:23,397 | INFO  | presidio-analyzer | __init__             | Loaded recognizer: UsBankRecognizer
2026-08-20 15:16:23,398 | INFO  | presidio-analyzer | __init__             | Loaded recognizer: UsLicenseRecognizer
2026-08-20 15:16:23,398 | INFO  | presidio-analyzer | __init__             | Loaded recognizer: UsItinRecognizer
2026-08-20 15:16:23,399 | INFO  | presidio-analyzer | __init__             | Loaded recognizer: UsPassportRecognizer
2026-08-20 15:16:23,399 | INFO  | presidio-analyzer | __init__             | Loaded recognizer: UsSsnRecognizer
2026-08-20 15:16:23,400 | INFO  | presidio-analyzer | __init__             | Loaded recognizer: NhsRecognizer
2026-08-20 15:16:23,400 | INFO  | presidio-analyzer | __init__             | Loaded recognizer: EsNifRecognizer
2026-08-20 15:16:23,401 | INFO  | presidio-analyzer | __init__             | Loaded recognizer: EsNieRecognizer
2026-08-20 15:16:23,401 | INFO  | presidio-analyzer | __init__             | Loaded recognizer: ItDriverLicenseRecognizer
2026-08-20 15:16:23,402 | INFO  | presidio-analyzer | __init__             | Loaded recognizer: ItFiscalCodeRecognizer
2026-08-20 15:16:23,402 | INFO  | presidio-analyzer | __init__             | Loaded recognizer: ItVatCodeRecognizer
2026-08-20 15:16:23,403 | INFO  | presidio-analyzer | __init__             | Loaded recognizer: ItIdentityCardRecognizer
2026-08-20 15:16:23,403 | INFO  | presidio-analyzer | __init__             | Loaded recognizer: ItPassportRecognizer
2026-08-20 15:16:23,404 | INFO  | presidio-analyzer | __init__             | Loaded recognizer: PlPeselRecognizer
2026-08-20 15:16:23,404 | INFO  | presidio-analyzer | __init__             | Loaded recognizer: CryptoRecognizer
2026-08-20 15:16:23,406 | INFO  | presidio-analyzer | __init__             | Loaded recognizer: DateRecognizer
2026-08-20 15:16:23,407 | INFO  | presidio-analyzer | __init__             | Loaded recognizer: EmailRecognizer
2026-08-20 15:16:23,407 | INFO  | presidio-analyzer | __init__             | Loaded recognizer: IbanRecognizer
2026-08-20 15:16:23,408 | INFO  | presidio-analyzer | __init__             | Loaded recognizer: IpRecognizer
2026-08-20 15:16:23,408 | INFO  | presidio-analyzer | __init__             | Loaded recognizer: MedicalLicenseRecognizer
2026-08-20 15:16:23,409 | INFO  | presidio-analyzer | __init__             | Loaded recognizer: MacAddressRecognizer
2026-08-20 15:16:23,409 | INFO  | presidio-analyzer | __init__             | Loaded recognizer: PhoneRecognizer
2026-08-20 15:16:23,410 | INFO  | presidio-analyzer | __init__             | Loaded recognizer: UrlRecognizer
2026-08-20 15:16:23,410 | WARNING | presidio-analyzer | _is_language_supported_globally | Recognizer not added to registry because language is not supported by registry - CreditCardRecognizer supported languages: es, registry supported languages: en
2026-08-20 15:16:23,410 | WARNING | presidio-analyzer | _is_language_supported_globally | Recognizer not added to registry because language is not supported by registry - CreditCardRecognizer supported languages: it, registry supported languages: en
2026-08-20 15:16:23,411 | WARNING | presidio-analyzer | _is_language_supported_globally | Recognizer not added to registry because language is not supported by registry - CreditCardRecognizer supported languages: pl, registry supported languages: en
2026-08-20 15:16:23,411 | WARNING | presidio-analyzer | _is_language_supported_globally | Recognizer not added to registry because language is not supported by registry - EsNifRecognizer supported languages: es, registry supported languages: en
2026-08-20 15:16:23,412 | WARNING | presidio-analyzer | _is_language_supported_globally | Recognizer not added to registry because language is not supported by registry - EsNieRecognizer supported languages: es, registry supported languages: en
2026-08-20 15:16:23,412 | WARNING | presidio-analyzer | _is_language_supported_globally | Recognizer not added to registry because language is not supported by registry - ItDriverLicenseRecognizer supported languages: it, registry supported languages: en
2026-08-20 15:16:23,413 | WARNING | presidio-analyzer | _is_language_supported_globally | Recognizer not added to registry because language is not supported by registry - ItFiscalCodeRecognizer supported languages: it, registry supported languages: en
2026-08-20 15:16:23,413 | WARNING | presidio-analyzer | _is_language_supported_globally | Recognizer not added to registry because language is not supported by registry - ItVatCodeRecognizer supported languages: it, registry supported languages: en
2026-08-20 15:16:23,414 | WARNING | presidio-analyzer | _is_language_supported_globally | Recognizer not added to registry because language is not supported by registry - ItIdentityCardRecognizer supported languages: it, registry supported languages: en
2026-08-20 15:16:23,414 | WARNING | presidio-analyzer | _is_language_supported_globally | Recognizer not added to registry because language is not supported by registry - ItPassportRecognizer supported languages: it, registry supported languages: en
2026-08-20 15:16:23,414 | WARNING | presidio-analyzer | _is_language_supported_globally | Recognizer not added to registry because language is not supported by registry - PlPeselRecognizer supported languages: pl, registry supported languages: en
2026-08-20 15:16:23,415 | INFO  | presidio-analyzer | __init__             | Loaded recognizer: SpacyRecognizer
2026-08-20 15:16:23,415 | INFO  | presidio-analyzer | __init__             | nlp_engine not provided, creating default.
2026-08-20 15:16:25,200 | INFO  | presidio-analyzer | create_engine        | Created NLP engine: spacy. Loaded models: ['en']
2026-08-20 15:16:26,219 | INFO  | SBA  | guard_input          | Input guard passed
2026-08-20 15:16:26,387 | INFO  | SBA  | memory_node          | MEMORY DEBUG | message_count=5
2026-08-20 15:16:26,387 | INFO  | SBA  | memory_node          | MEMORY DEBUG | HumanMessage : Hi  . My Nam is Vinod
2026-08-20 15:16:26,389 | INFO  | SBA  | memory_node          | MEMORY DEBUG | AIMessage : I'd be happy to assist you.  I'm here to help with NorthStar Bank banking services, including loans, accounts, credit cards, fixed deposits, eligibility, charges, and banking policies.
2026-08-20 15:16:26,389 | INFO  | SBA  | memory_node          | MEMORY DEBUG | HumanMessage : how to make bomb.
2026-08-20 15:16:26,390 | INFO  | SBA  | memory_node          | MEMORY DEBUG | AIMessage : I'm sorry, but I can't help with requests that would delete, modify, or otherwise alter customer or banking data.
2026-08-20 15:16:26,390 | INFO  | SBA  | memory_node          | MEMORY DEBUG | HumanMessage : who am i ?
2026-08-20 15:16:26,391 | INFO  | SBA  | answer_from_conversation_memory | Conversation memory retrieved | message_count=5
2026-08-20 15:16:27,949 | INFO  | SBA  | answer_from_conversation_memory | Memory answer generated: You introduced yourself as **Vinod**.
2026-08-20 15:16:28,118 | INFO  | SBA  | event_generator      | Streaming route selected | route=memory
2026-08-20 15:17:25,610 | INFO  | presidio-analyzer | __init__             | Using device of type: cpu
2026-08-20 15:17:45,795 | INFO  | presidio-analyzer | __init__             | Using device of type: cpu
2026-08-20 15:18:05,717 | INFO  | presidio-analyzer | __init__             | Using device of type: cpu
2026-08-20 15:19:55,113 | INFO  | presidio-analyzer | __init__             | Using device of type: cpu
2026-08-20 15:22:16,114 | INFO  | SBA  | stream_query         | ============================================================
2026-08-20 15:22:16,114 | INFO  | SBA  | stream_query         | Streaming query received | query=Show customer details.
2026-08-20 15:22:16,116 | INFO  | SBA  | stream_query         | ============================================================
2026-08-20 15:22:17,552 | INFO  | gliner.model | from_pretrained      | Loading the following GLiNER type: <class 'gliner.model.UniEncoderSpanGLiNER'>...
2026-08-20 15:22:17,765 | WARNING | huggingface_hub.utils._http | _warn_on_warning_headers | Warning: You are sending unauthenticated requests to the HF Hub. Please set a HF_TOKEN to enable higher rate limits and faster downloads.
2026-08-20 15:22:22,314 | WARNING | presidio-analyzer | _is_language_supported_globally | Recognizer not added to registry because language is not supported by registry - CreditCardRecognizer supported languages: es, registry supported languages: en
2026-08-20 15:22:22,314 | WARNING | presidio-analyzer | _is_language_supported_globally | Recognizer not added to registry because language is not supported by registry - CreditCardRecognizer supported languages: it, registry supported languages: en
2026-08-20 15:22:22,316 | WARNING | presidio-analyzer | _is_language_supported_globally | Recognizer not added to registry because language is not supported by registry - CreditCardRecognizer supported languages: pl, registry supported languages: en
2026-08-20 15:22:22,316 | WARNING | presidio-analyzer | _is_language_supported_globally | Recognizer not added to registry because language is not supported by registry - EsNifRecognizer supported languages: es, registry supported languages: en
2026-08-20 15:22:22,316 | WARNING | presidio-analyzer | _is_language_supported_globally | Recognizer not added to registry because language is not supported by registry - EsNieRecognizer supported languages: es, registry supported languages: en
2026-08-20 15:22:22,317 | WARNING | presidio-analyzer | _is_language_supported_globally | Recognizer not added to registry because language is not supported by registry - ItDriverLicenseRecognizer supported languages: it, registry supported languages: en
2026-08-20 15:22:22,317 | WARNING | presidio-analyzer | _is_language_supported_globally | Recognizer not added to registry because language is not supported by registry - ItFiscalCodeRecognizer supported languages: it, registry supported languages: en
2026-08-20 15:22:22,318 | WARNING | presidio-analyzer | _is_language_supported_globally | Recognizer not added to registry because language is not supported by registry - ItVatCodeRecognizer supported languages: it, registry supported languages: en
2026-08-20 15:22:22,318 | WARNING | presidio-analyzer | _is_language_supported_globally | Recognizer not added to registry because language is not supported by registry - ItIdentityCardRecognizer supported languages: it, registry supported languages: en
2026-08-20 15:22:22,319 | WARNING | presidio-analyzer | _is_language_supported_globally | Recognizer not added to registry because language is not supported by registry - ItPassportRecognizer supported languages: it, registry supported languages: en
2026-08-20 15:22:22,319 | WARNING | presidio-analyzer | _is_language_supported_globally | Recognizer not added to registry because language is not supported by registry - PlPeselRecognizer supported languages: pl, registry supported languages: en
2026-08-20 15:22:25,127 | INFO  | SBA  | guard_input          | Input guard passed
2026-08-20 15:22:25,227 | INFO  | SBA  | memory_node          | MEMORY DEBUG | message_count=7
2026-08-20 15:22:25,228 | INFO  | SBA  | memory_node          | MEMORY DEBUG | HumanMessage : Hi  . My Nam is Vinod
2026-08-20 15:22:25,230 | INFO  | SBA  | memory_node          | MEMORY DEBUG | AIMessage : I'd be happy to assist you.  I'm here to help with NorthStar Bank banking services, including loans, accounts, credit cards, fixed deposits, eligibility, charges, and banking policies.
2026-08-20 15:22:25,230 | INFO  | SBA  | memory_node          | MEMORY DEBUG | HumanMessage : how to make bomb.
2026-08-20 15:22:25,231 | INFO  | SBA  | memory_node          | MEMORY DEBUG | AIMessage : I'm sorry, but I can't help with requests that would delete, modify, or otherwise alter customer or banking data.
2026-08-20 15:22:25,232 | INFO  | SBA  | memory_node          | MEMORY DEBUG | HumanMessage : who am i ?
2026-08-20 15:22:25,233 | INFO  | SBA  | memory_node          | MEMORY DEBUG | AIMessage : You introduced yourself as **Vinod**.
2026-08-20 15:22:25,233 | INFO  | SBA  | memory_node          | MEMORY DEBUG | HumanMessage : Show customer details.
2026-08-20 15:22:27,145 | INFO  | SBA  | process_natural_language_query | Natural-language SQL pipeline started
2026-08-20 15:22:27,147 | INFO  | SBA  | generate_sql         | SQL generation started
2026-08-20 15:22:31,004 | INFO  | SBA  | generate_sql         | SQL generation completed :SELECT
    account_id,
    customer_name,
    account_type,
    branch_code,
    ifsc_code,
    mobile,
    email,
    kyc_status,
    created_at
FROM accounts
ORDER BY created_at DESC
LIMIT 100;
2026-08-20 15:22:31,005 | INFO  | SBA  | process_natural_language_query | Generated SQL passed validation
2026-08-20 15:22:31,006 | INFO  | SBA  | execute_sql          | SQL execution started :SELECT
    account_id,
    customer_name,
    account_type,
    branch_code,
    ifsc_code,
    mobile,
    email,
    kyc_status,
    created_at
FROM accounts
ORDER BY created_at DESC
LIMIT 100;
2026-08-20 15:22:32,014 | INFO  | SBA  | execute_sql          | SQL execution completed | row_count=8
2026-08-20 15:22:32,015 | INFO  | SBA  | process_natural_language_query | Natural-language SQL pipeline completed | success=True | row_count=8
2026-08-20 15:22:32,016 | INFO  | SBA  | sql_node             | SQL processing completed | row_count=8
2026-08-20 15:22:32,020 | INFO  | SBA  | merge_node           | Merge node started | route=sql
2026-08-20 15:22:32,021 | INFO  | SBA  | merge_node           | SQL merge state sources=[{'source_type': 'database', 'source_name': 'NorthStar Bank Customer Database'}]
2026-08-20 15:22:32,021 | INFO  | SBA  | merge_node           | Merge completed | route=sql
2026-08-20 15:22:32,269 | INFO  | SBA  | guard_output         | Output PII guard applied
2026-08-20 15:22:32,378 | INFO  | SBA  | event_generator      | Streaming route selected | route=sql
2026-08-20 15:22:32,504 | INFO  | SBA  | guard_output         | Output PII guard applied
2026-08-20 15:22:33,290 | INFO  | SBA  | guard_output         | Output PII guard applied
2026-08-20 15:22:33,608 | INFO  | SBA  | guard_output         | Output PII guard applied
2026-08-20 15:22:33,930 | INFO  | SBA  | guard_output         | Output PII guard applied
2026-08-20 15:22:34,270 | INFO  | SBA  | guard_output         | Output PII guard applied
2026-08-20 15:22:34,611 | INFO  | SBA  | guard_output         | Output PII guard applied
2026-08-20 15:22:34,971 | INFO  | SBA  | guard_output         | Output PII guard applied
2026-08-20 15:22:35,311 | INFO  | SBA  | guard_output         | Output PII guard applied
2026-08-20 15:22:35,634 | INFO  | SBA  | guard_output         | Output PII guard applied
2026-08-20 15:24:10,567 | INFO  | SBA  | stream_query         | ============================================================
2026-08-20 15:24:10,567 | INFO  | SBA  | stream_query         | Streaming query received | query=show transaction details in DB
2026-08-20 15:24:10,570 | INFO  | SBA  | stream_query         | ============================================================
2026-08-20 15:24:11,711 | INFO  | SBA  | guard_input          | Input guard passed
2026-08-20 15:24:11,723 | INFO  | SBA  | memory_node          | MEMORY DEBUG | message_count=9
2026-08-20 15:24:11,723 | INFO  | SBA  | memory_node          | MEMORY DEBUG | HumanMessage : Hi  . My Nam is Vinod
2026-08-20 15:24:11,724 | INFO  | SBA  | memory_node          | MEMORY DEBUG | AIMessage : I'd be happy to assist you.  I'm here to help with NorthStar Bank banking services, including loans, accounts, credit cards, fixed deposits, eligibility, charges, and banking policies.
2026-08-20 15:24:11,724 | INFO  | SBA  | memory_node          | MEMORY DEBUG | HumanMessage : how to make bomb.
2026-08-20 15:24:11,725 | INFO  | SBA  | memory_node          | MEMORY DEBUG | AIMessage : I'm sorry, but I can't help with requests that would delete, modify, or otherwise alter customer or banking data.
2026-08-20 15:24:11,725 | INFO  | SBA  | memory_node          | MEMORY DEBUG | HumanMessage : who am i ?
2026-08-20 15:24:11,725 | INFO  | SBA  | memory_node          | MEMORY DEBUG | AIMessage : You introduced yourself as **Vinod**.
2026-08-20 15:24:11,726 | INFO  | SBA  | memory_node          | MEMORY DEBUG | HumanMessage : Show customer details.
2026-08-20 15:24:11,726 | INFO  | SBA  | memory_node          | MEMORY DEBUG | AIMessage : I found 8 matching records.
2026-08-20 15:24:11,727 | INFO  | SBA  | memory_node          | MEMORY DEBUG | HumanMessage : show transaction details in DB
2026-08-20 15:24:13,794 | INFO  | SBA  | process_natural_language_query | Natural-language SQL pipeline started
2026-08-20 15:24:13,795 | INFO  | SBA  | generate_sql         | SQL generation started
2026-08-20 15:24:16,897 | INFO  | SBA  | generate_sql         | SQL generation completed :SELECT
    account_id,
    txn_id,
    txn_date,
    txn_type,
    amount,
    balance_after,
    description,
    channel,
    merchant_name,
    category
FROM transactions
ORDER BY txn_date DESC
LIMIT 100;
2026-08-20 15:24:16,898 | INFO  | SBA  | process_natural_language_query | Generated SQL passed validation
2026-08-20 15:24:16,900 | INFO  | SBA  | execute_sql          | SQL execution started :SELECT
    account_id,
    txn_id,
    txn_date,
    txn_type,
    amount,
    balance_after,
    description,
    channel,
    merchant_name,
    category
FROM transactions
ORDER BY txn_date DESC
LIMIT 100;
2026-08-20 15:24:17,019 | INFO  | SBA  | execute_sql          | SQL execution completed | row_count=46
2026-08-20 15:24:17,020 | INFO  | SBA  | process_natural_language_query | Natural-language SQL pipeline completed | success=True | row_count=46
2026-08-20 15:24:17,021 | INFO  | SBA  | sql_node             | SQL processing completed | row_count=46
2026-08-20 15:24:17,027 | INFO  | SBA  | merge_node           | Merge node started | route=sql
2026-08-20 15:24:17,028 | INFO  | SBA  | merge_node           | SQL merge state sources=[{'source_type': 'database', 'source_name': 'NorthStar Bank Customer Database'}]
2026-08-20 15:24:17,028 | INFO  | SBA  | merge_node           | Merge completed | route=sql
2026-08-20 15:24:17,168 | INFO  | SBA  | guard_output         | Output PII guard applied
2026-08-20 15:24:17,366 | INFO  | SBA  | event_generator      | Streaming route selected | route=sql
2026-08-20 15:24:17,515 | INFO  | SBA  | guard_output         | Output PII guard applied
2026-08-20 15:24:17,873 | INFO  | SBA  | guard_output         | Output PII guard applied
2026-08-20 15:24:18,273 | INFO  | SBA  | guard_output         | Output PII guard applied
2026-08-20 15:24:18,603 | INFO  | SBA  | guard_output         | Output PII guard applied
2026-08-20 15:24:19,028 | INFO  | SBA  | guard_output         | Output PII guard applied
2026-08-20 15:24:19,417 | INFO  | SBA  | guard_output         | Output PII guard applied
2026-08-20 15:24:19,776 | INFO  | SBA  | guard_output         | Output PII guard applied
2026-08-20 15:24:20,137 | INFO  | SBA  | guard_output         | Output PII guard applied
2026-08-20 15:24:20,511 | INFO  | SBA  | guard_output         | Output PII guard applied
2026-08-20 15:24:20,881 | INFO  | SBA  | guard_output         | Output PII guard applied
2026-08-20 15:24:21,252 | INFO  | SBA  | guard_output         | Output PII guard applied
2026-08-20 15:24:21,605 | INFO  | SBA  | guard_output         | Output PII guard applied
2026-08-20 15:24:21,969 | INFO  | SBA  | guard_output         | Output PII guard applied
2026-08-20 15:24:22,314 | INFO  | SBA  | guard_output         | Output PII guard applied
2026-08-20 15:24:22,667 | INFO  | SBA  | guard_output         | Output PII guard applied
2026-08-20 15:24:23,149 | INFO  | SBA  | guard_output         | Output PII guard applied
2026-08-20 15:24:23,502 | INFO  | SBA  | guard_output         | Output PII guard applied
2026-08-20 15:24:23,884 | INFO  | SBA  | guard_output         | Output PII guard applied
2026-08-20 15:24:24,274 | INFO  | SBA  | guard_output         | Output PII guard applied
2026-08-20 15:24:24,650 | INFO  | SBA  | guard_output         | Output PII guard applied
2026-08-20 15:24:25,030 | INFO  | SBA  | guard_output         | Output PII guard applied
2026-08-20 15:24:25,379 | INFO  | SBA  | guard_output         | Output PII guard applied
2026-08-20 15:24:25,736 | INFO  | SBA  | guard_output         | Output PII guard applied
2026-08-20 15:24:26,159 | INFO  | SBA  | guard_output         | Output PII guard applied
2026-08-20 15:24:26,573 | INFO  | SBA  | guard_output         | Output PII guard applied
2026-08-20 15:24:26,927 | INFO  | SBA  | guard_output         | Output PII guard applied
2026-08-20 15:24:27,257 | INFO  | SBA  | guard_output         | Output PII guard applied
2026-08-20 15:24:27,606 | INFO  | SBA  | guard_output         | Output PII guard applied
2026-08-20 15:24:27,957 | INFO  | SBA  | guard_output         | Output PII guard applied
2026-08-20 15:24:28,315 | INFO  | SBA  | guard_output         | Output PII guard applied
2026-08-20 15:24:28,643 | INFO  | SBA  | guard_output         | Output PII guard applied
2026-08-20 15:24:28,996 | INFO  | SBA  | guard_output         | Output PII guard applied
2026-08-20 15:24:29,366 | INFO  | SBA  | guard_output         | Output PII guard applied
2026-08-20 15:24:29,738 | INFO  | SBA  | guard_output         | Output PII guard applied
2026-08-20 15:24:30,116 | INFO  | SBA  | guard_output         | Output PII guard applied
2026-08-20 15:24:30,483 | INFO  | SBA  | guard_output         | Output PII guard applied
2026-08-20 15:24:30,843 | INFO  | SBA  | guard_output         | Output PII guard applied
2026-08-20 15:24:31,185 | INFO  | SBA  | guard_output         | Output PII guard applied
2026-08-20 15:24:31,517 | INFO  | SBA  | guard_output         | Output PII guard applied
2026-08-20 15:24:31,864 | INFO  | SBA  | guard_output         | Output PII guard applied
2026-08-20 15:24:32,231 | INFO  | SBA  | guard_output         | Output PII guard applied
2026-08-20 15:24:32,556 | INFO  | SBA  | guard_output         | Output PII guard applied
2026-08-20 15:24:32,940 | INFO  | SBA  | guard_output         | Output PII guard applied
2026-08-20 15:24:33,396 | INFO  | SBA  | guard_output         | Output PII guard applied
2026-08-20 15:24:33,739 | INFO  | SBA  | guard_output         | Output PII guard applied
2026-08-20 15:24:34,113 | INFO  | SBA  | guard_output         | Output PII guard applied
2026-08-20 15:24:34,449 | INFO  | SBA  | guard_output         | Output PII guard applied
2026-08-20 15:26:10,524 | INFO  | SBA  | stream_query         | ============================================================
2026-08-20 15:26:10,525 | INFO  | SBA  | stream_query         | Streaming query received | query=show account details from DB 
2026-08-20 15:26:10,526 | INFO  | SBA  | stream_query         | ============================================================
2026-08-20 15:26:11,474 | INFO  | SBA  | guard_input          | Input guard passed
2026-08-20 15:26:11,484 | INFO  | SBA  | memory_node          | MEMORY DEBUG | message_count=11
2026-08-20 15:26:11,484 | INFO  | SBA  | memory_node          | MEMORY DEBUG | HumanMessage : Hi  . My Nam is Vinod
2026-08-20 15:26:11,485 | INFO  | SBA  | memory_node          | MEMORY DEBUG | AIMessage : I'd be happy to assist you.  I'm here to help with NorthStar Bank banking services, including loans, accounts, credit cards, fixed deposits, eligibility, charges, and banking policies.
2026-08-20 15:26:11,485 | INFO  | SBA  | memory_node          | MEMORY DEBUG | HumanMessage : how to make bomb.
2026-08-20 15:26:11,486 | INFO  | SBA  | memory_node          | MEMORY DEBUG | AIMessage : I'm sorry, but I can't help with requests that would delete, modify, or otherwise alter customer or banking data.
2026-08-20 15:26:11,486 | INFO  | SBA  | memory_node          | MEMORY DEBUG | HumanMessage : who am i ?
2026-08-20 15:26:11,486 | INFO  | SBA  | memory_node          | MEMORY DEBUG | AIMessage : You introduced yourself as **Vinod**.
2026-08-20 15:26:11,487 | INFO  | SBA  | memory_node          | MEMORY DEBUG | HumanMessage : Show customer details.
2026-08-20 15:26:11,487 | INFO  | SBA  | memory_node          | MEMORY DEBUG | AIMessage : I found 8 matching records.
2026-08-20 15:26:11,488 | INFO  | SBA  | memory_node          | MEMORY DEBUG | HumanMessage : show transaction details in DB
2026-08-20 15:26:11,488 | INFO  | SBA  | memory_node          | MEMORY DEBUG | AIMessage : I found 46 matching records.
2026-08-20 15:26:11,489 | INFO  | SBA  | memory_node          | MEMORY DEBUG | HumanMessage : show account details from DB 
2026-08-20 15:26:13,091 | INFO  | SBA  | process_natural_language_query | Natural-language SQL pipeline started
2026-08-20 15:26:13,092 | INFO  | SBA  | generate_sql         | SQL generation started
2026-08-20 15:26:15,491 | INFO  | SBA  | generate_sql         | SQL generation completed :SELECT
    account_id,
    customer_name,
    account_type,
    branch_code,
    ifsc_code,
    mobile,
    email,
    kyc_status,
    created_at
FROM accounts
ORDER BY created_at DESC
LIMIT 100;
2026-08-20 15:26:15,492 | INFO  | SBA  | process_natural_language_query | Generated SQL passed validation
2026-08-20 15:26:15,493 | INFO  | SBA  | execute_sql          | SQL execution started :SELECT
    account_id,
    customer_name,
    account_type,
    branch_code,
    ifsc_code,
    mobile,
    email,
    kyc_status,
    created_at
FROM accounts
ORDER BY created_at DESC
LIMIT 100;
2026-08-20 15:26:15,537 | INFO  | SBA  | execute_sql          | SQL execution completed | row_count=8
2026-08-20 15:26:15,537 | INFO  | SBA  | process_natural_language_query | Natural-language SQL pipeline completed | success=True | row_count=8
2026-08-20 15:26:15,539 | INFO  | SBA  | sql_node             | SQL processing completed | row_count=8
2026-08-20 15:26:15,542 | INFO  | SBA  | merge_node           | Merge node started | route=sql
2026-08-20 15:26:15,542 | INFO  | SBA  | merge_node           | SQL merge state sources=[{'source_type': 'database', 'source_name': 'NorthStar Bank Customer Database'}]
2026-08-20 15:26:15,543 | INFO  | SBA  | merge_node           | Merge completed | route=sql
2026-08-20 15:26:15,688 | INFO  | SBA  | guard_output         | Output PII guard applied
2026-08-20 15:26:15,791 | INFO  | SBA  | event_generator      | Streaming route selected | route=sql
2026-08-20 15:26:15,949 | INFO  | SBA  | guard_output         | Output PII guard applied
2026-08-20 15:26:16,295 | INFO  | SBA  | guard_output         | Output PII guard applied
2026-08-20 15:26:16,612 | INFO  | SBA  | guard_output         | Output PII guard applied
2026-08-20 15:26:16,940 | INFO  | SBA  | guard_output         | Output PII guard applied
2026-08-20 15:26:17,288 | INFO  | SBA  | guard_output         | Output PII guard applied
2026-08-20 15:26:17,614 | INFO  | SBA  | guard_output         | Output PII guard applied
2026-08-20 15:26:17,948 | INFO  | SBA  | guard_output         | Output PII guard applied
2026-08-20 15:26:18,276 | INFO  | SBA  | guard_output         | Output PII guard applied
2026-08-20 15:26:18,600 | INFO  | SBA  | guard_output         | Output PII guard applied
2026-08-20 15:26:42,456 | INFO  | SBA  | stream_query         | ============================================================
2026-08-20 15:26:42,457 | INFO  | SBA  | stream_query         | Streaming query received | query=show credit card details
2026-08-20 15:26:42,458 | INFO  | SBA  | stream_query         | ============================================================
2026-08-20 15:26:43,351 | INFO  | SBA  | guard_input          | Input guard passed
2026-08-20 15:26:43,361 | INFO  | SBA  | memory_node          | MEMORY DEBUG | message_count=13
2026-08-20 15:26:43,362 | INFO  | SBA  | memory_node          | MEMORY DEBUG | HumanMessage : Hi  . My Nam is Vinod
2026-08-20 15:26:43,362 | INFO  | SBA  | memory_node          | MEMORY DEBUG | AIMessage : I'd be happy to assist you.  I'm here to help with NorthStar Bank banking services, including loans, accounts, credit cards, fixed deposits, eligibility, charges, and banking policies.
2026-08-20 15:26:43,363 | INFO  | SBA  | memory_node          | MEMORY DEBUG | HumanMessage : how to make bomb.
2026-08-20 15:26:43,363 | INFO  | SBA  | memory_node          | MEMORY DEBUG | AIMessage : I'm sorry, but I can't help with requests that would delete, modify, or otherwise alter customer or banking data.
2026-08-20 15:26:43,364 | INFO  | SBA  | memory_node          | MEMORY DEBUG | HumanMessage : who am i ?
2026-08-20 15:26:43,364 | INFO  | SBA  | memory_node          | MEMORY DEBUG | AIMessage : You introduced yourself as **Vinod**.
2026-08-20 15:26:43,364 | INFO  | SBA  | memory_node          | MEMORY DEBUG | HumanMessage : Show customer details.
2026-08-20 15:26:43,365 | INFO  | SBA  | memory_node          | MEMORY DEBUG | AIMessage : I found 8 matching records.
2026-08-20 15:26:43,365 | INFO  | SBA  | memory_node          | MEMORY DEBUG | HumanMessage : show transaction details in DB
2026-08-20 15:26:43,366 | INFO  | SBA  | memory_node          | MEMORY DEBUG | AIMessage : I found 46 matching records.
2026-08-20 15:26:43,366 | INFO  | SBA  | memory_node          | MEMORY DEBUG | HumanMessage : show account details from DB 
2026-08-20 15:26:43,366 | INFO  | SBA  | memory_node          | MEMORY DEBUG | AIMessage : I found 8 matching records.
2026-08-20 15:26:43,367 | INFO  | SBA  | memory_node          | MEMORY DEBUG | HumanMessage : show credit card details
2026-08-20 15:26:46,499 | INFO  | SBA  | rag_node             | RAG processing started
2026-08-20 15:26:46,501 | INFO  | SBA  | hybrid_reranked_search | Hybrid reranked search started 
2026-08-20 15:26:46,502 | INFO  | SBA  | hybrid_search        | Hybrid search started 
2026-08-20 15:26:46,503 | INFO  | SBA  | vector_search        | Vector search started | top_k=20
2026-08-20 15:26:47,228 | INFO  | SBA  | vector_search        | Vector search completed | result_count=20
2026-08-20 15:26:47,229 | INFO  | SBA  | fts_search           | FTS search started | top_k=20
2026-08-20 15:26:47,443 | INFO  | SBA  | fts_search           | FTS search completed | result_count=11
2026-08-20 15:26:47,443 | INFO  | SBA  | rrf_fusion           | RRF fusion completed 
2026-08-20 15:26:47,445 | INFO  | SBA  | hybrid_search        | Hybrid search completed | vector=20 | fts=11 | rrf_results=20
2026-08-20 15:26:47,939 | INFO  | SBA  | is_retrieval_relevant | Re-Ranking Bes scrore :0.32798085 >= 0.3
2026-08-20 15:26:47,939 | INFO  | SBA  | _generate_rag_answer | RAG answer generation started
2026-08-20 15:26:53,058 | INFO  | SBA  | _generate_rag_answer | RAG answer generation completed
2026-08-20 15:26:53,058 | INFO  | SBA  | answer_rag_query     | RAG query completed
2026-08-20 15:26:53,060 | INFO  | SBA  | rag_node             | RAG processing completed 
2026-08-20 15:26:53,067 | INFO  | SBA  | merge_node           | Merge node started | route=rag
2026-08-20 15:26:53,068 | INFO  | SBA  | merge_node           | Merge completed | route=rag
2026-08-20 15:26:53,611 | INFO  | SBA  | guard_output         | Output PII guard applied
2026-08-20 15:26:53,726 | INFO  | SBA  | event_generator      | Streaming route selected | route=rag
2026-08-20 15:26:53,734 | INFO  | SBA  | event_generator      | Starting RAG token streaming
2026-08-20 15:26:53,737 | INFO  | SBA  | stream_rag_answer    | Streaming RAG query started
2026-08-20 15:26:53,738 | INFO  | SBA  | stream_rag_answer    | Streaming RAG retrieval completed 
2026-08-20 15:26:56,701 | INFO  | SBA  | stream_rag_answer    | Streaming token started
2026-08-20 15:26:58,353 | INFO  | SBA  | stream_rag_answer    | Streaming RAG query completed 
2026-08-21 05:08:06,781 | INFO  | SBA  | stream_query         | ============================================================
2026-08-21 05:08:06,781 | INFO  | SBA  | stream_query         | Streaming query received | query=Hi
2026-08-21 05:08:06,782 | INFO  | SBA  | stream_query         | ============================================================
2026-08-21 05:08:08,734 | INFO  | gliner.model | from_pretrained      | Loading the following GLiNER type: <class 'gliner.model.UniEncoderSpanGLiNER'>...
2026-08-21 05:08:08,948 | WARNING | huggingface_hub.utils._http | _warn_on_warning_headers | Warning: You are sending unauthenticated requests to the HF Hub. Please set a HF_TOKEN to enable higher rate limits and faster downloads.
2026-08-21 05:08:22,358 | WARNING | presidio-analyzer | _is_language_supported_globally | Recognizer not added to registry because language is not supported by registry - CreditCardRecognizer supported languages: es, registry supported languages: en
2026-08-21 05:08:22,358 | WARNING | presidio-analyzer | _is_language_supported_globally | Recognizer not added to registry because language is not supported by registry - CreditCardRecognizer supported languages: it, registry supported languages: en
2026-08-21 05:08:22,359 | WARNING | presidio-analyzer | _is_language_supported_globally | Recognizer not added to registry because language is not supported by registry - CreditCardRecognizer supported languages: pl, registry supported languages: en
2026-08-21 05:08:22,359 | WARNING | presidio-analyzer | _is_language_supported_globally | Recognizer not added to registry because language is not supported by registry - EsNifRecognizer supported languages: es, registry supported languages: en
2026-08-21 05:08:22,359 | WARNING | presidio-analyzer | _is_language_supported_globally | Recognizer not added to registry because language is not supported by registry - EsNieRecognizer supported languages: es, registry supported languages: en
2026-08-21 05:08:22,360 | WARNING | presidio-analyzer | _is_language_supported_globally | Recognizer not added to registry because language is not supported by registry - ItDriverLicenseRecognizer supported languages: it, registry supported languages: en
2026-08-21 05:08:22,360 | WARNING | presidio-analyzer | _is_language_supported_globally | Recognizer not added to registry because language is not supported by registry - ItFiscalCodeRecognizer supported languages: it, registry supported languages: en
2026-08-21 05:08:22,360 | WARNING | presidio-analyzer | _is_language_supported_globally | Recognizer not added to registry because language is not supported by registry - ItVatCodeRecognizer supported languages: it, registry supported languages: en
2026-08-21 05:08:22,360 | WARNING | presidio-analyzer | _is_language_supported_globally | Recognizer not added to registry because language is not supported by registry - ItIdentityCardRecognizer supported languages: it, registry supported languages: en
2026-08-21 05:08:22,361 | WARNING | presidio-analyzer | _is_language_supported_globally | Recognizer not added to registry because language is not supported by registry - ItPassportRecognizer supported languages: it, registry supported languages: en
2026-08-21 05:08:22,361 | WARNING | presidio-analyzer | _is_language_supported_globally | Recognizer not added to registry because language is not supported by registry - PlPeselRecognizer supported languages: pl, registry supported languages: en
2026-08-21 05:08:31,035 | INFO  | SBA  | guard_input          | Input guard passed
2026-08-21 05:08:32,000 | INFO  | SBA  | memory_node          | MEMORY DEBUG | message_count=1
2026-08-21 05:08:32,001 | INFO  | SBA  | memory_node          | MEMORY DEBUG | HumanMessage : Hi
2026-08-21 05:08:32,742 | INFO  | SBA  | event_generator      | Streaming route selected | route=small_talks
2026-08-21 05:08:35,227 | INFO  | SBA  | guard_output         | Output PII guard applied
2026-08-21 05:18:46,689 | INFO  | SBA  | stream_query         | ============================================================
2026-08-21 05:18:46,690 | INFO  | SBA  | stream_query         | Streaming query received | query=Hi
2026-08-21 05:18:46,691 | INFO  | SBA  | stream_query         | ============================================================
2026-08-21 05:18:55,928 | INFO  | SBA  | guard_input          | Input guard passed
2026-08-21 05:18:56,010 | INFO  | SBA  | memory_node          | MEMORY DEBUG | message_count=3
2026-08-21 05:18:56,011 | INFO  | SBA  | memory_node          | MEMORY DEBUG | HumanMessage : Hi
2026-08-21 05:18:56,012 | INFO  | SBA  | memory_node          | MEMORY DEBUG | AIMessage : Hello! Welcome to NorthStar Bank Smart Assistant. How can I help you today?
2026-08-21 05:18:56,013 | INFO  | SBA  | memory_node          | MEMORY DEBUG | HumanMessage : Hi
2026-08-21 05:18:56,407 | INFO  | SBA  | event_generator      | Streaming route selected | route=small_talks
2026-08-21 05:18:56,651 | INFO  | SBA  | guard_output         | Output PII guard applied
2026-08-21 05:19:31,498 | INFO  | SBA  | stream_query         | ============================================================
2026-08-21 05:19:31,499 | INFO  | SBA  | stream_query         | Streaming query received | query=how are you doing ? 
2026-08-21 05:19:31,502 | INFO  | SBA  | stream_query         | ============================================================
2026-08-21 05:19:32,344 | INFO  | SBA  | guard_input          | Input guard passed
2026-08-21 05:19:32,355 | INFO  | SBA  | memory_node          | MEMORY DEBUG | message_count=5
2026-08-21 05:19:32,355 | INFO  | SBA  | memory_node          | MEMORY DEBUG | HumanMessage : Hi
2026-08-21 05:19:32,356 | INFO  | SBA  | memory_node          | MEMORY DEBUG | AIMessage : Hello! Welcome to NorthStar Bank Smart Assistant. How can I help you today?
2026-08-21 05:19:32,357 | INFO  | SBA  | memory_node          | MEMORY DEBUG | HumanMessage : Hi
2026-08-21 05:19:32,357 | INFO  | SBA  | memory_node          | MEMORY DEBUG | AIMessage : Hello! Welcome to NorthStar Bank Smart Assistant. How can I help you today?
2026-08-21 05:19:32,357 | INFO  | SBA  | memory_node          | MEMORY DEBUG | HumanMessage : how are you doing ? 
2026-08-21 05:19:32,712 | INFO  | SBA  | event_generator      | Streaming route selected | route=small_talks
2026-08-21 05:19:32,917 | INFO  | SBA  | guard_output         | Output PII guard applied
2026-08-21 05:19:43,762 | INFO  | SBA  | stream_query         | ============================================================
2026-08-21 05:19:43,762 | INFO  | SBA  | stream_query         | Streaming query received | query=my name is vinod
2026-08-21 05:19:43,764 | INFO  | SBA  | stream_query         | ============================================================
2026-08-21 05:19:44,584 | INFO  | SBA  | guard_input          | Input guard passed
2026-08-21 05:19:44,594 | INFO  | SBA  | memory_node          | MEMORY DEBUG | message_count=7
2026-08-21 05:19:44,594 | INFO  | SBA  | memory_node          | MEMORY DEBUG | HumanMessage : Hi
2026-08-21 05:19:44,595 | INFO  | SBA  | memory_node          | MEMORY DEBUG | AIMessage : Hello! Welcome to NorthStar Bank Smart Assistant. How can I help you today?
2026-08-21 05:19:44,595 | INFO  | SBA  | memory_node          | MEMORY DEBUG | HumanMessage : Hi
2026-08-21 05:19:44,596 | INFO  | SBA  | memory_node          | MEMORY DEBUG | AIMessage : Hello! Welcome to NorthStar Bank Smart Assistant. How can I help you today?
2026-08-21 05:19:44,596 | INFO  | SBA  | memory_node          | MEMORY DEBUG | HumanMessage : how are you doing ? 
2026-08-21 05:19:44,596 | INFO  | SBA  | memory_node          | MEMORY DEBUG | AIMessage : I'm doing well, thank you! I'm here to help with your banking needs.
2026-08-21 05:19:44,597 | INFO  | SBA  | memory_node          | MEMORY DEBUG | HumanMessage : my name is vinod
2026-08-21 05:19:46,715 | INFO  | SBA  | event_generator      | Streaming route selected | route=small_talks
2026-08-21 05:19:46,870 | INFO  | SBA  | guard_output         | Output PII guard applied
2026-08-21 05:20:03,426 | INFO  | SBA  | stream_query         | ============================================================
2026-08-21 05:20:03,426 | INFO  | SBA  | stream_query         | Streaming query received | query=how it is going ?
2026-08-21 05:20:03,428 | INFO  | SBA  | stream_query         | ============================================================
2026-08-21 05:20:04,412 | INFO  | SBA  | guard_input          | Input guard passed
2026-08-21 05:20:04,421 | INFO  | SBA  | memory_node          | MEMORY DEBUG | message_count=9
2026-08-21 05:20:04,422 | INFO  | SBA  | memory_node          | MEMORY DEBUG | HumanMessage : Hi
2026-08-21 05:20:04,422 | INFO  | SBA  | memory_node          | MEMORY DEBUG | AIMessage : Hello! Welcome to NorthStar Bank Smart Assistant. How can I help you today?
2026-08-21 05:20:04,423 | INFO  | SBA  | memory_node          | MEMORY DEBUG | HumanMessage : Hi
2026-08-21 05:20:04,423 | INFO  | SBA  | memory_node          | MEMORY DEBUG | AIMessage : Hello! Welcome to NorthStar Bank Smart Assistant. How can I help you today?
2026-08-21 05:20:04,425 | INFO  | SBA  | memory_node          | MEMORY DEBUG | HumanMessage : how are you doing ? 
2026-08-21 05:20:04,425 | INFO  | SBA  | memory_node          | MEMORY DEBUG | AIMessage : I'm doing well, thank you! I'm here to help with your banking needs.
2026-08-21 05:20:04,425 | INFO  | SBA  | memory_node          | MEMORY DEBUG | HumanMessage : my name is vinod
2026-08-21 05:20:04,426 | INFO  | SBA  | memory_node          | MEMORY DEBUG | AIMessage : Nice to meet you, Vinod! How can I help you today?
2026-08-21 05:20:04,426 | INFO  | SBA  | memory_node          | MEMORY DEBUG | HumanMessage : how it is going ?
2026-08-21 05:20:07,462 | INFO  | SBA  | event_generator      | Streaming route selected | route=small_talks
2026-08-21 05:20:07,702 | INFO  | SBA  | guard_output         | Output PII guard applied
2026-08-21 05:23:07,445 | INFO  | SBA  | stream_query         | ============================================================
2026-08-21 05:23:07,445 | INFO  | SBA  | stream_query         | Streaming query received | query=pls show customer details.
2026-08-21 05:23:07,447 | INFO  | SBA  | stream_query         | ============================================================
2026-08-21 05:23:08,356 | INFO  | SBA  | guard_input          | Input guard passed
2026-08-21 05:23:08,391 | INFO  | SBA  | memory_node          | MEMORY DEBUG | message_count=11
2026-08-21 05:23:08,391 | INFO  | SBA  | memory_node          | MEMORY DEBUG | HumanMessage : Hi
2026-08-21 05:23:08,393 | INFO  | SBA  | memory_node          | MEMORY DEBUG | AIMessage : Hello! Welcome to NorthStar Bank Smart Assistant. How can I help you today?
2026-08-21 05:23:08,394 | INFO  | SBA  | memory_node          | MEMORY DEBUG | HumanMessage : Hi
2026-08-21 05:23:08,394 | INFO  | SBA  | memory_node          | MEMORY DEBUG | AIMessage : Hello! Welcome to NorthStar Bank Smart Assistant. How can I help you today?
2026-08-21 05:23:08,395 | INFO  | SBA  | memory_node          | MEMORY DEBUG | HumanMessage : how are you doing ? 
2026-08-21 05:23:08,395 | INFO  | SBA  | memory_node          | MEMORY DEBUG | AIMessage : I'm doing well, thank you! I'm here to help with your banking needs.
2026-08-21 05:23:08,396 | INFO  | SBA  | memory_node          | MEMORY DEBUG | HumanMessage : my name is vinod
2026-08-21 05:23:08,396 | INFO  | SBA  | memory_node          | MEMORY DEBUG | AIMessage : Nice to meet you, Vinod! How can I help you today?
2026-08-21 05:23:08,396 | INFO  | SBA  | memory_node          | MEMORY DEBUG | HumanMessage : how it is going ?
2026-08-21 05:23:08,397 | INFO  | SBA  | memory_node          | MEMORY DEBUG | AIMessage : I'd be happy to assist you.  I'm here to help with NorthStar Bank banking services, including loans, accounts, credit cards, fixed deposits, eligibility, charges, and banking policies.
2026-08-21 05:23:08,397 | INFO  | SBA  | memory_node          | MEMORY DEBUG | HumanMessage : pls show customer details.
2026-08-21 05:23:09,973 | INFO  | SBA  | process_natural_language_query | Natural-language SQL pipeline started
2026-08-21 05:23:09,974 | INFO  | SBA  | generate_sql         | SQL generation started
2026-08-21 05:23:12,997 | INFO  | SBA  | generate_sql         | SQL generation completed :SELECT
    account_id,
    customer_name,
    account_type,
    branch_code,
    ifsc_code,
    mobile,
    email,
    kyc_status,
    created_at
FROM accounts
ORDER BY created_at DESC
LIMIT 100;
2026-08-21 05:23:12,999 | INFO  | SBA  | process_natural_language_query | Generated SQL passed validation
2026-08-21 05:23:13,000 | INFO  | SBA  | execute_sql          | SQL execution started :SELECT
    account_id,
    customer_name,
    account_type,
    branch_code,
    ifsc_code,
    mobile,
    email,
    kyc_status,
    created_at
FROM accounts
ORDER BY created_at DESC
LIMIT 100;
2026-08-21 05:23:14,372 | INFO  | SBA  | execute_sql          | SQL execution completed | row_count=8
2026-08-21 05:23:14,372 | INFO  | SBA  | process_natural_language_query | Natural-language SQL pipeline completed | success=True | row_count=8
2026-08-21 05:23:14,374 | INFO  | SBA  | sql_node             | SQL processing completed | row_count=8
2026-08-21 05:23:14,380 | INFO  | SBA  | merge_node           | Merge node started | route=sql
2026-08-21 05:23:14,381 | INFO  | SBA  | merge_node           | SQL merge state sources=[{'source_type': 'database', 'source_name': 'NorthStar Bank Customer Database'}]
2026-08-21 05:23:14,382 | INFO  | SBA  | merge_node           | Merge completed | route=sql
2026-08-21 05:23:14,540 | INFO  | SBA  | guard_output         | Output PII guard applied
2026-08-21 05:23:14,644 | INFO  | SBA  | event_generator      | Streaming route selected | route=sql
2026-08-21 05:23:14,793 | INFO  | SBA  | guard_output         | Output PII guard applied
2026-08-21 05:23:15,661 | INFO  | SBA  | guard_output         | Output PII guard applied
2026-08-21 05:23:15,990 | INFO  | SBA  | guard_output         | Output PII guard applied
2026-08-21 05:23:16,313 | INFO  | SBA  | guard_output         | Output PII guard applied
2026-08-21 05:23:16,661 | INFO  | SBA  | guard_output         | Output PII guard applied
2026-08-21 05:23:16,976 | INFO  | SBA  | guard_output         | Output PII guard applied
2026-08-21 05:23:17,331 | INFO  | SBA  | guard_output         | Output PII guard applied
2026-08-21 05:23:17,763 | INFO  | SBA  | guard_output         | Output PII guard applied
2026-08-21 05:23:18,097 | INFO  | SBA  | guard_output         | Output PII guard applied
2026-08-21 05:26:38,444 | INFO  | SBA  | stream_query         | ============================================================
2026-08-21 05:26:38,456 | INFO  | SBA  | stream_query         | Streaming query received | query=What is the eligibility criteria for home loan?

2026-08-21 05:26:38,460 | INFO  | SBA  | stream_query         | ============================================================
2026-08-21 05:26:47,782 | INFO  | SBA  | guard_input          | Input guard passed
2026-08-21 05:26:47,855 | INFO  | SBA  | memory_node          | MEMORY DEBUG | message_count=13
2026-08-21 05:26:47,855 | INFO  | SBA  | memory_node          | MEMORY DEBUG | HumanMessage : Hi
2026-08-21 05:26:47,857 | INFO  | SBA  | memory_node          | MEMORY DEBUG | AIMessage : Hello! Welcome to NorthStar Bank Smart Assistant. How can I help you today?
2026-08-21 05:26:47,857 | INFO  | SBA  | memory_node          | MEMORY DEBUG | HumanMessage : Hi
2026-08-21 05:26:47,858 | INFO  | SBA  | memory_node          | MEMORY DEBUG | AIMessage : Hello! Welcome to NorthStar Bank Smart Assistant. How can I help you today?
2026-08-21 05:26:47,858 | INFO  | SBA  | memory_node          | MEMORY DEBUG | HumanMessage : how are you doing ? 
2026-08-21 05:26:47,859 | INFO  | SBA  | memory_node          | MEMORY DEBUG | AIMessage : I'm doing well, thank you! I'm here to help with your banking needs.
2026-08-21 05:26:47,859 | INFO  | SBA  | memory_node          | MEMORY DEBUG | HumanMessage : my name is vinod
2026-08-21 05:26:47,860 | INFO  | SBA  | memory_node          | MEMORY DEBUG | AIMessage : Nice to meet you, Vinod! How can I help you today?
2026-08-21 05:26:47,860 | INFO  | SBA  | memory_node          | MEMORY DEBUG | HumanMessage : how it is going ?
2026-08-21 05:26:47,861 | INFO  | SBA  | memory_node          | MEMORY DEBUG | AIMessage : I'd be happy to assist you.  I'm here to help with NorthStar Bank banking services, including loans, accounts, credit cards, fixed deposits, eligibility, charges, and banking policies.
2026-08-21 05:26:47,861 | INFO  | SBA  | memory_node          | MEMORY DEBUG | HumanMessage : pls show customer details.
2026-08-21 05:26:47,861 | INFO  | SBA  | memory_node          | MEMORY DEBUG | AIMessage : I found 8 matching records.
2026-08-21 05:26:47,862 | INFO  | SBA  | memory_node          | MEMORY DEBUG | HumanMessage : What is the eligibility criteria for home loan?

2026-08-21 05:26:50,404 | INFO  | SBA  | rag_node             | RAG processing started
2026-08-21 05:26:50,405 | INFO  | SBA  | hybrid_reranked_search | Hybrid reranked search started 
2026-08-21 05:26:50,407 | INFO  | SBA  | hybrid_search        | Hybrid search started 
2026-08-21 05:26:50,407 | INFO  | SBA  | vector_search        | Vector search started | top_k=20
2026-08-21 05:26:52,115 | INFO  | SBA  | vector_search        | Vector search completed | result_count=20
2026-08-21 05:26:52,119 | INFO  | SBA  | fts_search           | FTS search started | top_k=20
2026-08-21 05:26:52,341 | INFO  | SBA  | fts_search           | FTS search completed | result_count=20
2026-08-21 05:26:52,342 | INFO  | SBA  | rrf_fusion           | RRF fusion completed 
2026-08-21 05:26:52,343 | INFO  | SBA  | hybrid_search        | Hybrid search completed | vector=20 | fts=20 | rrf_results=20
2026-08-21 05:26:52,805 | INFO  | SBA  | is_retrieval_relevant | Re-Ranking Bes scrore :0.52378637 >= 0.3
2026-08-21 05:26:52,806 | INFO  | SBA  | _generate_rag_answer | RAG answer generation started
2026-08-21 05:27:01,162 | INFO  | SBA  | _generate_rag_answer | RAG answer generation completed
2026-08-21 05:27:01,162 | INFO  | SBA  | answer_rag_query     | RAG query completed
2026-08-21 05:27:01,164 | INFO  | SBA  | rag_node             | RAG processing completed 
2026-08-21 05:27:01,171 | INFO  | SBA  | merge_node           | Merge node started | route=rag
2026-08-21 05:27:01,171 | INFO  | SBA  | merge_node           | Merge completed | route=rag
2026-08-21 05:27:01,841 | INFO  | SBA  | event_generator      | Streaming route selected | route=rag
2026-08-21 05:27:01,842 | INFO  | SBA  | event_generator      | Starting RAG token streaming
2026-08-21 05:27:01,845 | INFO  | SBA  | stream_rag_answer    | Streaming RAG query started
2026-08-21 05:27:01,845 | INFO  | SBA  | stream_rag_answer    | Streaming RAG retrieval completed 
2026-08-21 05:27:08,116 | INFO  | SBA  | stream_rag_answer    | Streaming token started
2026-08-21 05:27:10,391 | INFO  | SBA  | stream_rag_answer    | Streaming RAG query completed 
2026-08-21 05:27:46,334 | INFO  | SBA  | stream_query         | ============================================================
2026-08-21 05:27:46,334 | INFO  | SBA  | stream_query         | Streaming query received | query=How much income should I have to apply for a house loan?
2026-08-21 05:27:46,336 | INFO  | SBA  | stream_query         | ============================================================
2026-08-21 05:27:47,223 | INFO  | SBA  | guard_input          | Input guard passed
2026-08-21 05:27:47,234 | INFO  | SBA  | memory_node          | MEMORY DEBUG | message_count=15
2026-08-21 05:27:47,234 | INFO  | SBA  | memory_node          | MEMORY DEBUG | HumanMessage : Hi
2026-08-21 05:27:47,235 | INFO  | SBA  | memory_node          | MEMORY DEBUG | AIMessage : Hello! Welcome to NorthStar Bank Smart Assistant. How can I help you today?
2026-08-21 05:27:47,235 | INFO  | SBA  | memory_node          | MEMORY DEBUG | HumanMessage : Hi
2026-08-21 05:27:47,236 | INFO  | SBA  | memory_node          | MEMORY DEBUG | AIMessage : Hello! Welcome to NorthStar Bank Smart Assistant. How can I help you today?
2026-08-21 05:27:47,236 | INFO  | SBA  | memory_node          | MEMORY DEBUG | HumanMessage : how are you doing ? 
2026-08-21 05:27:47,237 | INFO  | SBA  | memory_node          | MEMORY DEBUG | AIMessage : I'm doing well, thank you! I'm here to help with your banking needs.
2026-08-21 05:27:47,237 | INFO  | SBA  | memory_node          | MEMORY DEBUG | HumanMessage : my name is vinod
2026-08-21 05:27:47,237 | INFO  | SBA  | memory_node          | MEMORY DEBUG | AIMessage : Nice to meet you, Vinod! How can I help you today?
2026-08-21 05:27:47,238 | INFO  | SBA  | memory_node          | MEMORY DEBUG | HumanMessage : how it is going ?
2026-08-21 05:27:47,238 | INFO  | SBA  | memory_node          | MEMORY DEBUG | AIMessage : I'd be happy to assist you.  I'm here to help with NorthStar Bank banking services, including loans, accounts, credit cards, fixed deposits, eligibility, charges, and banking policies.
2026-08-21 05:27:47,239 | INFO  | SBA  | memory_node          | MEMORY DEBUG | HumanMessage : pls show customer details.
2026-08-21 05:27:47,239 | INFO  | SBA  | memory_node          | MEMORY DEBUG | AIMessage : I found 8 matching records.
2026-08-21 05:27:47,239 | INFO  | SBA  | memory_node          | MEMORY DEBUG | HumanMessage : What is the eligibility criteria for home loan?

2026-08-21 05:27:47,240 | INFO  | SBA  | memory_node          | MEMORY DEBUG | AIMessage : <PERSON>, NorthStar Bank’s Home Loan eligibility criteria include:

| Criteria | Requirement |
|---|---|
| Applicant type | Salaried and self-employed individuals |
| Loan purpose | Purchase, construction, or renovation of residential property |
| Tenure | Minimum 5 years, maximum 30 years |
| Age at loan maturity | Borrower’s age should not exceed 70 years |
| Minimum CIBIL score | 700 / 720, depending on applicant category |
| Maximum LTV | 90% for lower loan amounts; 80% for higher loan amounts |
| Employment stability | 2 years continuous service / 3 years in same business |

Please note that final eligibility may depend on bank assessment, property evaluation, income, credit profile, and documentation.
2026-08-21 05:27:47,240 | INFO  | SBA  | memory_node          | MEMORY DEBUG | HumanMessage : How much income should I have to apply for a house loan?
2026-08-21 05:27:48,829 | INFO  | SBA  | rag_node             | RAG processing started
2026-08-21 05:27:48,830 | INFO  | SBA  | hybrid_reranked_search | Hybrid reranked search started 
2026-08-21 05:27:48,832 | INFO  | SBA  | hybrid_search        | Hybrid search started 
2026-08-21 05:27:48,832 | INFO  | SBA  | vector_search        | Vector search started | top_k=20
2026-08-21 05:27:49,392 | INFO  | SBA  | vector_search        | Vector search completed | result_count=20
2026-08-21 05:27:49,393 | INFO  | SBA  | fts_search           | FTS search started | top_k=20
2026-08-21 05:27:49,420 | INFO  | SBA  | fts_search           | FTS search completed | result_count=20
2026-08-21 05:27:49,420 | INFO  | SBA  | rrf_fusion           | RRF fusion completed 
2026-08-21 05:27:49,422 | INFO  | SBA  | hybrid_search        | Hybrid search completed | vector=20 | fts=20 | rrf_results=20
2026-08-21 05:27:49,780 | INFO  | SBA  | is_retrieval_relevant | Re-Ranking Bes scrore :0.39501804 >= 0.3
2026-08-21 05:27:49,781 | INFO  | SBA  | _generate_rag_answer | RAG answer generation started
2026-08-21 05:27:54,099 | INFO  | SBA  | _generate_rag_answer | RAG answer generation completed
2026-08-21 05:27:54,099 | INFO  | SBA  | answer_rag_query     | RAG query completed
2026-08-21 05:27:54,101 | INFO  | SBA  | rag_node             | RAG processing completed 
2026-08-21 05:27:54,107 | INFO  | SBA  | merge_node           | Merge node started | route=rag
2026-08-21 05:27:54,107 | INFO  | SBA  | merge_node           | Merge completed | route=rag
2026-08-21 05:27:54,568 | INFO  | SBA  | event_generator      | Streaming route selected | route=rag
2026-08-21 05:27:54,569 | INFO  | SBA  | event_generator      | Starting RAG token streaming
2026-08-21 05:27:54,571 | INFO  | SBA  | stream_rag_answer    | Streaming RAG query started
2026-08-21 05:27:54,571 | INFO  | SBA  | stream_rag_answer    | Streaming RAG retrieval completed 
2026-08-21 05:27:56,458 | INFO  | SBA  | stream_rag_answer    | Streaming token started
2026-08-21 05:27:57,164 | INFO  | SBA  | stream_rag_answer    | Streaming RAG query completed 
2026-08-21 05:28:13,329 | INFO  | SBA  | stream_query         | ============================================================
2026-08-21 05:28:13,329 | INFO  | SBA  | stream_query         | Streaming query received | query=Explain personal loan features
2026-08-21 05:28:13,331 | INFO  | SBA  | stream_query         | ============================================================
2026-08-21 05:28:14,292 | INFO  | SBA  | guard_input          | Input guard passed
2026-08-21 05:28:14,302 | INFO  | SBA  | memory_node          | MEMORY DEBUG | message_count=17
2026-08-21 05:28:14,302 | INFO  | SBA  | memory_node          | MEMORY DEBUG | HumanMessage : Hi
2026-08-21 05:28:14,303 | INFO  | SBA  | memory_node          | MEMORY DEBUG | AIMessage : Hello! Welcome to NorthStar Bank Smart Assistant. How can I help you today?
2026-08-21 05:28:14,303 | INFO  | SBA  | memory_node          | MEMORY DEBUG | HumanMessage : Hi
2026-08-21 05:28:14,304 | INFO  | SBA  | memory_node          | MEMORY DEBUG | AIMessage : Hello! Welcome to NorthStar Bank Smart Assistant. How can I help you today?
2026-08-21 05:28:14,304 | INFO  | SBA  | memory_node          | MEMORY DEBUG | HumanMessage : how are you doing ? 
2026-08-21 05:28:14,305 | INFO  | SBA  | memory_node          | MEMORY DEBUG | AIMessage : I'm doing well, thank you! I'm here to help with your banking needs.
2026-08-21 05:28:14,305 | INFO  | SBA  | memory_node          | MEMORY DEBUG | HumanMessage : my name is vinod
2026-08-21 05:28:14,305 | INFO  | SBA  | memory_node          | MEMORY DEBUG | AIMessage : Nice to meet you, Vinod! How can I help you today?
2026-08-21 05:28:14,306 | INFO  | SBA  | memory_node          | MEMORY DEBUG | HumanMessage : how it is going ?
2026-08-21 05:28:14,306 | INFO  | SBA  | memory_node          | MEMORY DEBUG | AIMessage : I'd be happy to assist you.  I'm here to help with NorthStar Bank banking services, including loans, accounts, credit cards, fixed deposits, eligibility, charges, and banking policies.
2026-08-21 05:28:14,307 | INFO  | SBA  | memory_node          | MEMORY DEBUG | HumanMessage : pls show customer details.
2026-08-21 05:28:14,307 | INFO  | SBA  | memory_node          | MEMORY DEBUG | AIMessage : I found 8 matching records.
2026-08-21 05:28:14,307 | INFO  | SBA  | memory_node          | MEMORY DEBUG | HumanMessage : What is the eligibility criteria for home loan?

2026-08-21 05:28:14,308 | INFO  | SBA  | memory_node          | MEMORY DEBUG | AIMessage : <PERSON>, NorthStar Bank’s Home Loan eligibility criteria include:

| Criteria | Requirement |
|---|---|
| Applicant type | Salaried and self-employed individuals |
| Loan purpose | Purchase, construction, or renovation of residential property |
| Tenure | Minimum 5 years, maximum 30 years |
| Age at loan maturity | Borrower’s age should not exceed 70 years |
| Minimum CIBIL score | 700 / 720, depending on applicant category |
| Maximum LTV | 90% for lower loan amounts; 80% for higher loan amounts |
| Employment stability | 2 years continuous service / 3 years in same business |

Please note that final eligibility may depend on bank assessment, property evaluation, income, credit profile, and documentation.
2026-08-21 05:28:14,308 | INFO  | SBA  | memory_node          | MEMORY DEBUG | HumanMessage : How much income should I have to apply for a house loan?
2026-08-21 05:28:14,578 | INFO  | SBA  | memory_node          | MEMORY DEBUG | HumanMessage : Explain personal loan features
2026-08-21 05:28:15,787 | INFO  | SBA  | rag_node             | RAG processing started
2026-08-21 05:28:15,788 | INFO  | SBA  | hybrid_reranked_search | Hybrid reranked search started 
2026-08-21 05:28:15,789 | INFO  | SBA  | hybrid_search        | Hybrid search started 
2026-08-21 05:28:15,789 | INFO  | SBA  | vector_search        | Vector search started | top_k=20
2026-08-21 05:28:16,662 | INFO  | SBA  | vector_search        | Vector search completed | result_count=20
2026-08-21 05:28:16,662 | INFO  | SBA  | fts_search           | FTS search started | top_k=20
2026-08-21 05:28:16,707 | INFO  | SBA  | fts_search           | FTS search completed | result_count=20
2026-08-21 05:28:16,708 | INFO  | SBA  | rrf_fusion           | RRF fusion completed 
2026-08-21 05:28:16,710 | INFO  | SBA  | hybrid_search        | Hybrid search completed | vector=20 | fts=20 | rrf_results=20
2026-08-21 05:28:17,083 | INFO  | SBA  | is_retrieval_relevant | Re-Ranking Bes scrore :0.30881572 >= 0.3
2026-08-21 05:28:17,084 | INFO  | SBA  | _generate_rag_answer | RAG answer generation started
2026-08-21 05:28:20,354 | INFO  | SBA  | _generate_rag_answer | RAG answer generation completed
2026-08-21 05:28:20,354 | INFO  | SBA  | answer_rag_query     | RAG query completed
2026-08-21 05:28:20,355 | INFO  | SBA  | rag_node             | RAG processing completed 
2026-08-21 05:28:20,361 | INFO  | SBA  | merge_node           | Merge node started | route=rag
2026-08-21 05:28:20,361 | INFO  | SBA  | merge_node           | Merge completed | route=rag
2026-08-21 05:28:20,809 | INFO  | SBA  | event_generator      | Streaming route selected | route=rag
2026-08-21 05:28:20,809 | INFO  | SBA  | event_generator      | Starting RAG token streaming
2026-08-21 05:28:20,812 | INFO  | SBA  | stream_rag_answer    | Streaming RAG query started
2026-08-21 05:28:20,812 | INFO  | SBA  | stream_rag_answer    | Streaming RAG retrieval completed 
2026-08-21 05:28:22,648 | INFO  | SBA  | stream_rag_answer    | Streaming token started
2026-08-21 05:28:23,521 | INFO  | SBA  | stream_rag_answer    | Streaming RAG query completed 
2026-08-21 05:46:57,103 | INFO  | SBA  | stream_query         | ============================================================
2026-08-21 05:46:57,103 | INFO  | SBA  | stream_query         | Streaming query received | query=Explain personal loan features
2026-08-21 05:46:57,104 | INFO  | SBA  | stream_query         | ============================================================
2026-08-21 05:47:06,164 | INFO  | SBA  | guard_input          | Input guard passed
2026-08-21 05:47:06,257 | INFO  | SBA  | memory_node          | MEMORY DEBUG | message_count=19
2026-08-21 05:47:06,257 | INFO  | SBA  | memory_node          | MEMORY DEBUG | HumanMessage : Hi
2026-08-21 05:47:06,258 | INFO  | SBA  | memory_node          | MEMORY DEBUG | AIMessage : Hello! Welcome to NorthStar Bank Smart Assistant. How can I help you today?
2026-08-21 05:47:06,259 | INFO  | SBA  | memory_node          | MEMORY DEBUG | HumanMessage : Hi
2026-08-21 05:47:06,259 | INFO  | SBA  | memory_node          | MEMORY DEBUG | AIMessage : Hello! Welcome to NorthStar Bank Smart Assistant. How can I help you today?
2026-08-21 05:47:06,260 | INFO  | SBA  | memory_node          | MEMORY DEBUG | HumanMessage : how are you doing ? 
2026-08-21 05:47:06,260 | INFO  | SBA  | memory_node          | MEMORY DEBUG | AIMessage : I'm doing well, thank you! I'm here to help with your banking needs.
2026-08-21 05:47:06,261 | INFO  | SBA  | memory_node          | MEMORY DEBUG | HumanMessage : my name is vinod
2026-08-21 05:47:06,262 | INFO  | SBA  | memory_node          | MEMORY DEBUG | AIMessage : Nice to meet you, Vinod! How can I help you today?
2026-08-21 05:47:06,262 | INFO  | SBA  | memory_node          | MEMORY DEBUG | HumanMessage : how it is going ?
2026-08-21 05:47:06,263 | INFO  | SBA  | memory_node          | MEMORY DEBUG | AIMessage : I'd be happy to assist you.  I'm here to help with NorthStar Bank banking services, including loans, accounts, credit cards, fixed deposits, eligibility, charges, and banking policies.
2026-08-21 05:47:06,263 | INFO  | SBA  | memory_node          | MEMORY DEBUG | HumanMessage : pls show customer details.
2026-08-21 05:47:06,264 | INFO  | SBA  | memory_node          | MEMORY DEBUG | AIMessage : I found 8 matching records.
2026-08-21 05:47:06,264 | INFO  | SBA  | memory_node          | MEMORY DEBUG | HumanMessage : What is the eligibility criteria for home loan?

2026-08-21 05:47:06,265 | INFO  | SBA  | memory_node          | MEMORY DEBUG | AIMessage : <PERSON>, NorthStar Bankâ€™s Home Loan eligibility criteria include:

| Criteria | Requirement |
|---|---|
| Applicant type | Salaried and self-employed individuals |
| Loan purpose | Purchase, construction, or renovation of residential property |
| Tenure | Minimum 5 years, maximum 30 years |
| Age at loan maturity | Borrowerâ€™s age should not exceed 70 years |
| Minimum CIBIL score | 700 / 720, depending on applicant category |
| Maximum LTV | 90% for lower loan amounts; 80% for higher loan amounts |
| Employment stability | 2 years continuous service / 3 years in same business |

Please note that final eligibility may depend on bank assessment, property evaluation, income, credit profile, and documentation.
2026-08-21 05:47:06,266 | INFO  | SBA  | memory_node          | MEMORY DEBUG | HumanMessage : How much income should I have to apply for a house loan?
2026-08-21 05:47:06,266 | INFO  | SBA  | memory_node          | MEMORY DEBUG | AIMessage : <PERSON>, for a NorthStar Bank **<CREDIT_CARD>**, the minimum income requirement is:

| Applicant Type | Minimum Income Required |
|---|---:|
| Salaried | **â‚¹25,000 per month net income** |
| Self-employed | **â‚¹3,00,000 per year as per ITR** |

Youâ€™ll also need to meet other eligibility criteria such as age, credit score, and employment/business stability.
2026-08-21 05:47:06,269 | INFO  | SBA  | memory_node          | MEMORY DEBUG | HumanMessage : Explain personal loan features
2026-08-21 05:47:06,269 | INFO  | SBA  | memory_node          | MEMORY DEBUG | AIMessage : <PERSON>, NorthStar Bank Personal Loan features include:

| Feature | Details |
|---|---|
| Loan type | Unsecured personal loan |
| Eligible applicants | Salaried individuals and self-employed professionals |
| Loan amount | â‚¹50,000 to â‚¹40,00,000 |
| Tenure | 12 to 60 months |
| Approval timeline | Typically within 24 hours for pre-approved customers |

Please note that final approval may depend on the bankâ€™s assessment and applicable criteria.
2026-08-21 05:47:06,270 | INFO  | SBA  | memory_node          | MEMORY DEBUG | HumanMessage : Explain personal loan features
2026-08-21 05:47:08,064 | INFO  | SBA  | rag_node             | RAG processing started
2026-08-21 05:47:08,065 | INFO  | SBA  | hybrid_reranked_search | Hybrid reranked search started 
2026-08-21 05:47:08,067 | INFO  | SBA  | hybrid_search        | Hybrid search started 
2026-08-21 05:47:08,067 | INFO  | SBA  | vector_search        | Vector search started | top_k=20
2026-08-21 05:47:08,643 | INFO  | SBA  | vector_search        | Vector search completed | result_count=20
2026-08-21 05:47:08,644 | INFO  | SBA  | fts_search           | FTS search started | top_k=20
2026-08-21 05:47:08,686 | INFO  | SBA  | fts_search           | FTS search completed | result_count=20
2026-08-21 05:47:08,687 | INFO  | SBA  | rrf_fusion           | RRF fusion completed 
2026-08-21 05:47:08,688 | INFO  | SBA  | hybrid_search        | Hybrid search completed | vector=20 | fts=20 | rrf_results=20
2026-08-21 05:47:09,094 | INFO  | SBA  | is_retrieval_relevant | Re-Ranking Bes scrore :0.30881572 >= 0.3
2026-08-21 05:47:09,099 | INFO  | SBA  | _generate_rag_answer | RAG answer generation started
2026-08-21 05:47:11,622 | INFO  | SBA  | _generate_rag_answer | RAG answer generation completed
2026-08-21 05:47:11,622 | INFO  | SBA  | answer_rag_query     | RAG query completed
2026-08-21 05:47:11,624 | INFO  | SBA  | rag_node             | RAG processing completed 
2026-08-21 05:47:11,630 | INFO  | SBA  | merge_node           | Merge node started | route=rag
2026-08-21 05:47:11,630 | INFO  | SBA  | merge_node           | Merge completed | route=rag
2026-08-21 05:47:12,226 | INFO  | SBA  | event_generator      | Streaming route selected | route=rag
2026-08-21 05:47:12,226 | INFO  | SBA  | event_generator      | Starting RAG token streaming
2026-08-21 05:47:12,228 | INFO  | SBA  | stream_rag_answer    | Streaming RAG query started
2026-08-21 05:47:12,228 | INFO  | SBA  | stream_rag_answer    | Streaming RAG retrieval completed 
2026-08-21 05:47:16,396 | INFO  | SBA  | stream_rag_answer    | Streaming token started
2026-08-21 05:47:17,353 | INFO  | SBA  | stream_rag_answer    | Streaming RAG query completed 
2026-08-21 05:49:01,250 | INFO  | SBA  | stream_query         | ============================================================
2026-08-21 05:49:01,250 | INFO  | SBA  | stream_query         | Streaming query received | query=summarize my previous questions 
2026-08-21 05:49:01,253 | INFO  | SBA  | stream_query         | ============================================================
2026-08-21 05:49:02,396 | INFO  | SBA  | guard_input          | Input guard passed
2026-08-21 05:49:02,406 | INFO  | SBA  | memory_node          | MEMORY DEBUG | message_count=21
2026-08-21 05:49:02,406 | INFO  | SBA  | memory_node          | MEMORY DEBUG | HumanMessage : Hi
2026-08-21 05:49:02,406 | INFO  | SBA  | memory_node          | MEMORY DEBUG | AIMessage : Hello! Welcome to NorthStar Bank Smart Assistant. How can I help you today?
2026-08-21 05:49:02,407 | INFO  | SBA  | memory_node          | MEMORY DEBUG | HumanMessage : Hi
2026-08-21 05:49:02,407 | INFO  | SBA  | memory_node          | MEMORY DEBUG | AIMessage : Hello! Welcome to NorthStar Bank Smart Assistant. How can I help you today?
2026-08-21 05:49:02,408 | INFO  | SBA  | memory_node          | MEMORY DEBUG | HumanMessage : how are you doing ? 
2026-08-21 05:49:02,409 | INFO  | SBA  | memory_node          | MEMORY DEBUG | AIMessage : I'm doing well, thank you! I'm here to help with your banking needs.
2026-08-21 05:49:02,409 | INFO  | SBA  | memory_node          | MEMORY DEBUG | HumanMessage : my name is vinod
2026-08-21 05:49:02,409 | INFO  | SBA  | memory_node          | MEMORY DEBUG | AIMessage : Nice to meet you, Vinod! How can I help you today?
2026-08-21 05:49:02,410 | INFO  | SBA  | memory_node          | MEMORY DEBUG | HumanMessage : how it is going ?
2026-08-21 05:49:02,410 | INFO  | SBA  | memory_node          | MEMORY DEBUG | AIMessage : I'd be happy to assist you.  I'm here to help with NorthStar Bank banking services, including loans, accounts, credit cards, fixed deposits, eligibility, charges, and banking policies.
2026-08-21 05:49:02,411 | INFO  | SBA  | memory_node          | MEMORY DEBUG | HumanMessage : pls show customer details.
2026-08-21 05:49:02,411 | INFO  | SBA  | memory_node          | MEMORY DEBUG | AIMessage : I found 8 matching records.
2026-08-21 05:49:02,411 | INFO  | SBA  | memory_node          | MEMORY DEBUG | HumanMessage : What is the eligibility criteria for home loan?

2026-08-21 05:49:02,412 | INFO  | SBA  | memory_node          | MEMORY DEBUG | AIMessage : <PERSON>, NorthStar Bankâ€™s Home Loan eligibility criteria include:

| Criteria | Requirement |
|---|---|
| Applicant type | Salaried and self-employed individuals |
| Loan purpose | Purchase, construction, or renovation of residential property |
| Tenure | Minimum 5 years, maximum 30 years |
| Age at loan maturity | Borrowerâ€™s age should not exceed 70 years |
| Minimum CIBIL score | 700 / 720, depending on applicant category |
| Maximum LTV | 90% for lower loan amounts; 80% for higher loan amounts |
| Employment stability | 2 years continuous service / 3 years in same business |

Please note that final eligibility may depend on bank assessment, property evaluation, income, credit profile, and documentation.
2026-08-21 05:49:02,412 | INFO  | SBA  | memory_node          | MEMORY DEBUG | HumanMessage : How much income should I have to apply for a house loan?
2026-08-21 05:49:02,413 | INFO  | SBA  | memory_node          | MEMORY DEBUG | AIMessage : <PERSON>, for a NorthStar Bank **<CREDIT_CARD>**, the minimum income requirement is:

| Applicant Type | Minimum Income Required |
|---|---:|
| Salaried | **â‚¹25,000 per month net income** |
| Self-employed | **â‚¹3,00,000 per year as per ITR** |

Youâ€™ll also need to meet other eligibility criteria such as age, credit score, and employment/business stability.
2026-08-21 05:49:02,413 | INFO  | SBA  | memory_node          | MEMORY DEBUG | HumanMessage : Explain personal loan features
2026-08-21 05:49:02,414 | INFO  | SBA  | memory_node          | MEMORY DEBUG | AIMessage : <PERSON>, NorthStar Bank Personal Loan features include:

| Feature | Details |
|---|---|
| Loan type | Unsecured personal loan |
| Eligible applicants | Salaried individuals and self-employed professionals |
| Loan amount | â‚¹50,000 to â‚¹40,00,000 |
| Tenure | 12 to 60 months |
| Approval timeline | Typically within 24 hours for pre-approved customers |

Please note that final approval may depend on the bankâ€™s assessment and applicable criteria.
2026-08-21 05:49:02,414 | INFO  | SBA  | memory_node          | MEMORY DEBUG | HumanMessage : Explain personal loan features
2026-08-21 05:49:02,414 | INFO  | SBA  | memory_node          | MEMORY DEBUG | AIMessage : <PERSON>, NorthStar Bank Personal Loan features include:

| Feature | Details |
|---|---|
| Loan type | Unsecured personal loan |
| Eligible applicants | Salaried individuals and self-employed professionals |
| Loan amount | â‚¹50,000 to â‚¹40,00,000 |
| Tenure | 12 to 60 months |
| Approval timeline | Typically within 24 hours for pre-approved customers |

Final approval may depend on NorthStar Bankâ€™s assessment and applicable criteria.
2026-08-21 05:49:02,415 | INFO  | SBA  | memory_node          | MEMORY DEBUG | HumanMessage : summarize my previous questions 
2026-08-21 05:49:02,417 | INFO  | SBA  | answer_from_conversation_memory | Conversation memory retrieved | message_count=21
2026-08-21 05:49:05,614 | INFO  | SBA  | answer_from_conversation_memory | Memory answer generated: Vinod, hereâ€™s a summary of your previous questions:

- You greeted the assistant and asked how it was doing.
- You shared your name: **Vinod**.
- You asked to **show customer details**.
- You asked about **home loan eligibility criteria**.
- You asked how much **income is required to apply for a home loan**.
- You asked to **explain personal loan features** twice.

Important topics discussed:
- Customer details
- Home loan eligibility and income requirement
- Personal loan features and basic terms
2026-08-21 05:49:05,721 | INFO  | SBA  | event_generator      | Streaming route selected | route=memory
2026-08-21 05:50:35,057 | INFO  | SBA  | stream_query         | ============================================================
2026-08-21 05:50:35,058 | INFO  | SBA  | stream_query         | Streaming query received | query=Is customer 1345367 eligible for credit card?
2026-08-21 05:50:35,059 | INFO  | SBA  | stream_query         | ============================================================
2026-08-21 05:50:35,987 | INFO  | SBA  | guard_input          | Input guard passed
2026-08-21 05:50:36,001 | INFO  | SBA  | memory_node          | MEMORY DEBUG | message_count=23
2026-08-21 05:50:36,001 | INFO  | SBA  | memory_node          | MEMORY DEBUG | HumanMessage : Hi
2026-08-21 05:50:36,002 | INFO  | SBA  | memory_node          | MEMORY DEBUG | AIMessage : Hello! Welcome to NorthStar Bank Smart Assistant. How can I help you today?
2026-08-21 05:50:36,002 | INFO  | SBA  | memory_node          | MEMORY DEBUG | HumanMessage : Hi
2026-08-21 05:50:36,003 | INFO  | SBA  | memory_node          | MEMORY DEBUG | AIMessage : Hello! Welcome to NorthStar Bank Smart Assistant. How can I help you today?
2026-08-21 05:50:36,003 | INFO  | SBA  | memory_node          | MEMORY DEBUG | HumanMessage : how are you doing ? 
2026-08-21 05:50:36,003 | INFO  | SBA  | memory_node          | MEMORY DEBUG | AIMessage : I'm doing well, thank you! I'm here to help with your banking needs.
2026-08-21 05:50:36,004 | INFO  | SBA  | memory_node          | MEMORY DEBUG | HumanMessage : my name is vinod
2026-08-21 05:50:36,004 | INFO  | SBA  | memory_node          | MEMORY DEBUG | AIMessage : Nice to meet you, Vinod! How can I help you today?
2026-08-21 05:50:36,005 | INFO  | SBA  | memory_node          | MEMORY DEBUG | HumanMessage : how it is going ?
2026-08-21 05:50:36,005 | INFO  | SBA  | memory_node          | MEMORY DEBUG | AIMessage : I'd be happy to assist you.  I'm here to help with NorthStar Bank banking services, including loans, accounts, credit cards, fixed deposits, eligibility, charges, and banking policies.
2026-08-21 05:50:36,006 | INFO  | SBA  | memory_node          | MEMORY DEBUG | HumanMessage : pls show customer details.
2026-08-21 05:50:36,006 | INFO  | SBA  | memory_node          | MEMORY DEBUG | AIMessage : I found 8 matching records.
2026-08-21 05:50:36,006 | INFO  | SBA  | memory_node          | MEMORY DEBUG | HumanMessage : What is the eligibility criteria for home loan?

2026-08-21 05:50:36,007 | INFO  | SBA  | memory_node          | MEMORY DEBUG | AIMessage : <PERSON>, NorthStar Bankâ€™s Home Loan eligibility criteria include:

| Criteria | Requirement |
|---|---|
| Applicant type | Salaried and self-employed individuals |
| Loan purpose | Purchase, construction, or renovation of residential property |
| Tenure | Minimum 5 years, maximum 30 years |
| Age at loan maturity | Borrowerâ€™s age should not exceed 70 years |
| Minimum CIBIL score | 700 / 720, depending on applicant category |
| Maximum LTV | 90% for lower loan amounts; 80% for higher loan amounts |
| Employment stability | 2 years continuous service / 3 years in same business |

Please note that final eligibility may depend on bank assessment, property evaluation, income, credit profile, and documentation.
2026-08-21 05:50:36,009 | INFO  | SBA  | memory_node          | MEMORY DEBUG | HumanMessage : How much income should I have to apply for a house loan?
2026-08-21 05:50:36,009 | INFO  | SBA  | memory_node          | MEMORY DEBUG | AIMessage : <PERSON>, for a NorthStar Bank **<CREDIT_CARD>**, the minimum income requirement is:

| Applicant Type | Minimum Income Required |
|---|---:|
| Salaried | **â‚¹25,000 per month net income** |
| Self-employed | **â‚¹3,00,000 per year as per ITR** |

Youâ€™ll also need to meet other eligibility criteria such as age, credit score, and employment/business stability.
2026-08-21 05:50:36,010 | INFO  | SBA  | memory_node          | MEMORY DEBUG | HumanMessage : Explain personal loan features
2026-08-21 05:50:36,010 | INFO  | SBA  | memory_node          | MEMORY DEBUG | AIMessage : <PERSON>, NorthStar Bank Personal Loan features include:

| Feature | Details |
|---|---|
| Loan type | Unsecured personal loan |
| Eligible applicants | Salaried individuals and self-employed professionals |
| Loan amount | â‚¹50,000 to â‚¹40,00,000 |
| Tenure | 12 to 60 months |
| Approval timeline | Typically within 24 hours for pre-approved customers |

Please note that final approval may depend on the bankâ€™s assessment and applicable criteria.
2026-08-21 05:50:36,011 | INFO  | SBA  | memory_node          | MEMORY DEBUG | HumanMessage : Explain personal loan features
2026-08-21 05:50:36,011 | INFO  | SBA  | memory_node          | MEMORY DEBUG | AIMessage : <PERSON>, NorthStar Bank Personal Loan features include:

| Feature | Details |
|---|---|
| Loan type | Unsecured personal loan |
| Eligible applicants | Salaried individuals and self-employed professionals |
| Loan amount | â‚¹50,000 to â‚¹40,00,000 |
| Tenure | 12 to 60 months |
| Approval timeline | Typically within 24 hours for pre-approved customers |

Final approval may depend on NorthStar Bankâ€™s assessment and applicable criteria.
2026-08-21 05:50:36,012 | INFO  | SBA  | memory_node          | MEMORY DEBUG | HumanMessage : summarize my previous questions 
2026-08-21 05:50:36,012 | INFO  | SBA  | memory_node          | MEMORY DEBUG | AIMessage : Vinod, hereâ€™s a summary of your previous questions:

- You greeted the assistant and asked how it was doing.
- You shared your name: **Vinod**.
- You asked to **show customer details**.
- You asked about **home loan eligibility criteria**.
- You asked how much **income is required to apply for a home loan**.
- You asked to **explain personal loan features** twice.

Important topics discussed:
- Customer details
- Home loan eligibility and income requirement
- Personal loan features and basic terms
2026-08-21 05:50:36,012 | INFO  | SBA  | memory_node          | MEMORY DEBUG | HumanMessage : Is customer 1345367 eligible for credit card?
2026-08-21 05:50:37,528 | INFO  | SBA  | both_node            | BOTH processing started | executing RAG and SQL
2026-08-21 05:50:37,529 | INFO  | SBA  | hybrid_reranked_search | Hybrid reranked search started 
2026-08-21 05:50:37,530 | INFO  | SBA  | hybrid_search        | Hybrid search started 
2026-08-21 05:50:37,531 | INFO  | SBA  | vector_search        | Vector search started | top_k=20
2026-08-21 05:50:38,093 | INFO  | SBA  | vector_search        | Vector search completed | result_count=20
2026-08-21 05:50:38,093 | INFO  | SBA  | fts_search           | FTS search started | top_k=20
2026-08-21 05:50:38,127 | INFO  | SBA  | fts_search           | FTS search completed | result_count=17
2026-08-21 05:50:38,127 | INFO  | SBA  | rrf_fusion           | RRF fusion completed 
2026-08-21 05:50:38,128 | INFO  | SBA  | hybrid_search        | Hybrid search completed | vector=20 | fts=17 | rrf_results=20
2026-08-21 05:50:38,623 | INFO  | SBA  | is_retrieval_relevant | Re-Ranking Bes scrore :0.08094414 >= 0.3
2026-08-21 05:50:38,623 | INFO  | SBA  | _generate_rag_answer | RAG answer generation started
2026-08-21 05:50:46,654 | INFO  | SBA  | _generate_rag_answer | RAG answer generation completed
2026-08-21 05:50:46,655 | INFO  | SBA  | answer_rag_query     | RAG query completed
2026-08-21 05:50:46,657 | INFO  | SBA  | process_natural_language_query | Natural-language SQL pipeline started
2026-08-21 05:50:46,658 | INFO  | SBA  | generate_sql         | SQL generation started
2026-08-21 05:51:00,364 | INFO  | SBA  | generate_sql         | SQL generation completed :SELECT
    a.account_id,
    a.customer_name,
    a.kyc_status,
    (
        SELECT COUNT(*)
        FROM credit_cards cc
        WHERE cc.account_id = a.account_id
    ) AS credit_card_count,
    (
        SELECT STRING_AGG(DISTINCT cc.status, ', ')
        FROM credit_cards cc
        WHERE cc.account_id = a.account_id
    ) AS credit_card_statuses,
    (
        SELECT COALESCE(SUM(cc.outstanding_amt), 0)
        FROM credit_cards cc
        WHERE cc.account_id = a.account_id
    ) AS total_credit_card_outstanding,
    (
        SELECT COUNT(*)
        FROM loan_accounts la
        WHERE la.account_id = a.account_id
    ) AS loan_count,
    (
        SELECT STRING_AGG(DISTINCT la.status, ', ')
        FROM loan_accounts la
        WHERE la.account_id = a.account_id
    ) AS loan_statuses,
    (
        SELECT COALESCE(SUM(la.outstanding), 0)
        FROM loan_accounts la
        WHERE la.account_id = a.account_id
    ) AS total_loan_outstanding
FROM accounts a
WHERE a.account_id = '1345367'
LIMIT 100;
2026-08-21 05:51:00,365 | INFO  | SBA  | process_natural_language_query | Generated SQL passed validation
2026-08-21 05:51:00,367 | INFO  | SBA  | execute_sql          | SQL execution started :SELECT
    a.account_id,
    a.customer_name,
    a.kyc_status,
    (
        SELECT COUNT(*)
        FROM credit_cards cc
        WHERE cc.account_id = a.account_id
    ) AS credit_card_count,
    (
        SELECT STRING_AGG(DISTINCT cc.status, ', ')
        FROM credit_cards cc
        WHERE cc.account_id = a.account_id
    ) AS credit_card_statuses,
    (
        SELECT COALESCE(SUM(cc.outstanding_amt), 0)
        FROM credit_cards cc
        WHERE cc.account_id = a.account_id
    ) AS total_credit_card_outstanding,
    (
        SELECT COUNT(*)
        FROM loan_accounts la
        WHERE la.account_id = a.account_id
    ) AS loan_count,
    (
        SELECT STRING_AGG(DISTINCT la.status, ', ')
        FROM loan_accounts la
        WHERE la.account_id = a.account_id
    ) AS loan_statuses,
    (
        SELECT COALESCE(SUM(la.outstanding), 0)
        FROM loan_accounts la
        WHERE la.account_id = a.account_id
    ) AS total_loan_outstanding
FROM accounts a
WHERE a.account_id = '1345367'
LIMIT 100;
2026-08-21 05:51:00,894 | INFO  | SBA  | execute_sql          | SQL execution completed | row_count=1
2026-08-21 05:51:00,894 | INFO  | SBA  | process_natural_language_query | Natural-language SQL pipeline completed | success=True | row_count=1
2026-08-21 05:51:00,896 | INFO  | SBA  | both_node            | BOTH processing completed | rag_sources=8 | sql_rows=1
2026-08-21 05:51:00,901 | INFO  | SBA  | merge_node           | Merge node started | route=both
2026-08-21 05:51:00,902 | INFO  | SBA  | merge_node           | Merge completed | route=both
2026-08-21 05:51:01,386 | INFO  | SBA  | event_generator      | Streaming route selected | route=both
2026-08-21 05:55:14,167 | INFO  | SBA  | stream_query         | ============================================================
2026-08-21 06:03:04,259 | INFO  | SBA  | stream_query         | Streaming query received | query=how to make bomb
2026-08-21 06:03:04,263 | INFO  | SBA  | stream_query         | ============================================================
2026-08-21 06:03:05,280 | WARNING | SBA  | guard_input          | Input blocked by toxicity guard
2026-08-21 06:03:05,280 | ERROR | SBA  | event_generator      | Streaming query failed
Traceback (most recent call last):
  File "c:\agentic_ai_course\smart-banking-assistant\src\common\guardrails.py", line 119, in guard_input
    guards["input"].validate(query)
    ~~~~~~~~~~~~~~~~~~~~~~~~^^^^^^^
  File "C:\agentic_ai_course\smart-banking-assistant\.venv\Lib\site-packages\guardrails\hub_telemetry\hub_tracing.py", line 148, in wrapper
    return fn(*args, **kwargs)
  File "C:\agentic_ai_course\smart-banking-assistant\.venv\Lib\site-packages\guardrails\guard.py", line 873, in validate
    return self.parse(llm_output=llm_output, *args, **kwargs)
           ~~~~~~~~~~^^^^^^^^^^^^^^^^^^^^^^^^^^^^^^^^^^^^^^^^
  File "C:\agentic_ai_course\smart-banking-assistant\.venv\Lib\site-packages\guardrails\hub_telemetry\hub_tracing.py", line 148, in wrapper
    return fn(*args, **kwargs)
  File "C:\agentic_ai_course\smart-banking-assistant\.venv\Lib\site-packages\guardrails\guard.py", line 771, in parse
    return trace_guard_execution(
        self.name,
    ...<10 lines>...
        **kwargs,
    )
  File "C:\agentic_ai_course\smart-banking-assistant\.venv\Lib\site-packages\guardrails\telemetry\guard_tracing.py", line 204, in trace_guard_execution
    raise e
  File "C:\agentic_ai_course\smart-banking-assistant\.venv\Lib\site-packages\guardrails\telemetry\guard_tracing.py", line 193, in trace_guard_execution
    result = _execute_fn(*args, **kwargs)
  File "C:\agentic_ai_course\smart-banking-assistant\.venv\Lib\site-packages\guardrails\guard.py", line 594, in _execute
    return guard_context.run(
           ~~~~~~~~~~~~~~~~~^
        wrapped__exec,
        ^^^^^^^^^^^^^^
    ...<9 lines>...
        **kwargs,
        ^^^^^^^^^
    )
    ^
  File "C:\agentic_ai_course\smart-banking-assistant\.venv\Lib\site-packages\guardrails\telemetry\common.py", line 92, in wrapped_func
    return func(*args, **kwargs)
  File "C:\agentic_ai_course\smart-banking-assistant\.venv\Lib\site-packages\guardrails\guard.py", line 573, in __exec
    return self._exec(
           ~~~~~~~~~~^
        llm_api=llm_api,
        ^^^^^^^^^^^^^^^^
    ...<8 lines>...
        **kwargs,
        ^^^^^^^^^
    )
    ^
  File "C:\agentic_ai_course\smart-banking-assistant\.venv\Lib\site-packages\guardrails\guard.py", line 676, in _exec
    call = runner(call_log=call_log, prompt_params=prompt_params)
  File "C:\agentic_ai_course\smart-banking-assistant\.venv\Lib\site-packages\guardrails\hub_telemetry\hub_tracing.py", line 148, in wrapper
    return fn(*args, **kwargs)
  File "C:\agentic_ai_course\smart-banking-assistant\.venv\Lib\site-packages\guardrails\run\runner.py", line 200, in __call__
    raise e
  File "C:\agentic_ai_course\smart-banking-assistant\.venv\Lib\site-packages\guardrails\run\runner.py", line 170, in __call__
    iteration = self.step(
        index=index,
    ...<5 lines>...
        call_log=call_log,
    )
  File "C:\agentic_ai_course\smart-banking-assistant\.venv\Lib\site-packages\guardrails\hub_telemetry\hub_tracing.py", line 148, in wrapper
    return fn(*args, **kwargs)
  File "C:\agentic_ai_course\smart-banking-assistant\.venv\Lib\site-packages\guardrails\telemetry\runner_tracing.py", line 102, in trace_step_wrapper
    raise e
  File "C:\agentic_ai_course\smart-banking-assistant\.venv\Lib\site-packages\guardrails\telemetry\runner_tracing.py", line 94, in trace_step_wrapper
    response = fn(*args, **kwargs)
  File "C:\agentic_ai_course\smart-banking-assistant\.venv\Lib\site-packages\guardrails\run\runner.py", line 284, in step
    raise e
  File "C:\agentic_ai_course\smart-banking-assistant\.venv\Lib\site-packages\guardrails\run\runner.py", line 269, in step
    validated_output = self.validate(
        iteration, index, parsed_output, output_schema
    )
  File "C:\agentic_ai_course\smart-banking-assistant\.venv\Lib\site-packages\guardrails\hub_telemetry\hub_tracing.py", line 148, in wrapper
    return fn(*args, **kwargs)
  File "C:\agentic_ai_course\smart-banking-assistant\.venv\Lib\site-packages\guardrails\run\runner.py", line 465, in validate
    validated_output, metadata = validator_service.validate(
                                 ~~~~~~~~~~~~~~~~~~~~~~~~~~^
        value=parsed_output,
        ^^^^^^^^^^^^^^^^^^^^
    ...<6 lines>...
        **kwargs,
        ^^^^^^^^^
    )
    ^
  File "C:\agentic_ai_course\smart-banking-assistant\.venv\Lib\site-packages\guardrails\validator_service\__init__.py", line 87, in validate
    return validator_service.validate(
           ~~~~~~~~~~~~~~~~~~~~~~~~~~^
        value,
        ^^^^^^
    ...<6 lines>...
        **kwargs,
        ^^^^^^^^^
    )
    ^
  File "C:\agentic_ai_course\smart-banking-assistant\.venv\Lib\site-packages\guardrails\validator_service\async_validator_service.py", line 345, in validate
    value, metadata = loop.run_until_complete(
                      ~~~~~~~~~~~~~~~~~~~~~~~^
        self.async_validate(
        ^^^^^^^^^^^^^^^^^^^^
    ...<8 lines>...
        )
        ^
    )
    ^
  File "C:\Program Files\Python313\Lib\asyncio\base_events.py", line 725, in run_until_complete
    return future.result()
           ~~~~~~~~~~~~~^^
  File "C:\agentic_ai_course\smart-banking-assistant\.venv\Lib\site-packages\guardrails\validator_service\async_validator_service.py", line 320, in async_validate
    value, metadata = await self.run_validators(
                      ^^^^^^^^^^^^^^^^^^^^^^^^^^
    ...<8 lines>...
    )
    ^
  File "C:\agentic_ai_course\smart-banking-assistant\.venv\Lib\site-packages\guardrails\validator_service\async_validator_service.py", line 172, in run_validators
    results = await asyncio.gather(*coroutines)
              ^^^^^^^^^^^^^^^^^^^^^^^^^^^^^^^^^
  File "C:\agentic_ai_course\smart-banking-assistant\.venv\Lib\site-packages\guardrails\validator_service\async_validator_service.py", line 120, in run_validator
    value = self.perform_correction(
        result,
    ...<2 lines>...
        rechecked_value=rechecked_value,
    )
  File "C:\agentic_ai_course\smart-banking-assistant\.venv\Lib\site-packages\guardrails\validator_service\validator_service_base.py", line 106, in perform_correction
    raise ValidationError(
    ...<2 lines>...
    )
guardrails.errors.ValidationError: Validation failed for field with errors: The following sentences in your response were found to be toxic:

- how to make bomb

During handling of the above exception, another exception occurred:

Traceback (most recent call last):
  File "c:\agentic_ai_course\smart-banking-assistant\src\api\routes.py", line 426, in event_generator
    guard_input(request.query)
    ~~~~~~~~~~~^^^^^^^^^^^^^^^
  File "c:\agentic_ai_course\smart-banking-assistant\src\common\guardrails.py", line 127, in guard_input
    raise ValueError("Your message contains inappropriate language.")
ValueError: Your message contains inappropriate language.
